virus,cohort,n_sera,median_titer,geomean_titer,titer_q1,titer_q3,frac_w_titer_below_140
A/Alagoas/4130/2025_H3N2,All,306,464.4,519.5,233.8,1092,0.1176
A/Alagoas/4130/2025_H3N2,CTS,40,931.8,1019,409.5,1765,0
A/Alagoas/4130/2025_H3N2,HKU,47,267.4,292.1,178.4,392,0.1702
A/Alagoas/4130/2025_H3N2,NIID,61,399.8,415.6,231.6,780.7,0.1311
A/Alagoas/4130/2025_H3N2,PENN,118,611.8,645.8,310.4,1410,0.05932
A/Alagoas/4130/2025_H3N2,SCH,40,234.6,385,89.98,1296,0.325
A/Alagoas/4130/2025_H3N2,PENN_0d-post-vax,59,430.2,439.7,236.6,869,0.1186
A/Alagoas/4130/2025_H3N2,PENN_28d-post-vax,59,877.5,948.6,433.3,1897,0
A/Anapolis/LEIAL6543/2025_H3N2,All,305,420.9,460.9,203,870.2,0.1443
A/Anapolis/LEIAL6543/2025_H3N2,CTS,40,740.3,832.5,379.4,1947,0.05
A/Anapolis/LEIAL6543/2025_H3N2,HKU,47,245.6,281.5,142.9,454.1,0.2128
A/Anapolis/LEIAL6543/2025_H3N2,NIID,61,313.9,320.9,176.3,558.5,0.1803
A/Anapolis/LEIAL6543/2025_H3N2,PENN,118,593.2,644,303.2,1198,0.02542
A/Anapolis/LEIAL6543/2025_H3N2,SCH,39,206,291.5,56.74,852.8,0.4615
A/Anapolis/LEIAL6543/2025_H3N2,PENN_0d-post-vax,59,460.8,459.4,247.9,830.7,0.05085
A/Anapolis/LEIAL6543/2025_H3N2,PENN_28d-post-vax,59,830.4,902.9,421.4,1662,0
A/Andalucia/PMC-00977/2025_H1N1,All,306,175.2,223.5,95.71,453.8,0.4085
A/Andalucia/PMC-00977/2025_H1N1,CTS,40,387.1,487,190.8,1241,0.125
A/Andalucia/PMC-00977/2025_H1N1,HKU,47,181.2,240.1,122.1,344,0.3617
A/Andalucia/PMC-00977/2025_H1N1,NIID,61,145.8,157.4,90.34,229.8,0.459
A/Andalucia/PMC-00977/2025_H1N1,PENN,118,190.8,227.2,96,472.4,0.4153
A/Andalucia/PMC-00977/2025_H1N1,SCH,40,69.97,153.3,43.87,442.1,0.65
A/Andalucia/PMC-00977/2025_H1N1,PENN_0d-post-vax,59,127,170,82.34,368.8,0.5424
A/Andalucia/PMC-00977/2025_H1N1,PENN_28d-post-vax,59,259,303.5,117.6,683.2,0.2881
A/Aragon/2046/2025_H1N1,All,306,204.5,241.8,102,466.3,0.3824
A/Aragon/2046/2025_H1N1,CTS,40,402.6,482.9,235.8,767.7,0.15
A/Aragon/2046/2025_H1N1,HKU,47,217.2,256.9,126.3,369.4,0.2979
A/Aragon/2046/2025_H1N1,NIID,61,136.9,161.8,85.78,257.2,0.5082
A/Aragon/2046/2025_H1N1,PENN,118,221.7,259.8,107.4,518.7,0.3475
A/Aragon/2046/2025_H1N1,SCH,40,96.02,168.3,45.22,460.6,0.625
A/Aragon/2046/2025_H1N1,PENN_0d-post-vax,59,162,194.6,97.05,385.4,0.4407
A/Aragon/2046/2025_H1N1,PENN_28d-post-vax,59,266.2,346.8,139.7,840.4,0.2542
A/Arica/59150/2025_H3N2,All,305,422.3,458.5,205.6,827.5,0.1148
A/Arica/59150/2025_H3N2,CTS,40,626.2,808.8,357.5,1507,0
A/Arica/59150/2025_H3N2,HKU,47,303.2,324.8,191.3,516.9,0.08511
A/Arica/59150/2025_H3N2,NIID,61,271.9,324.2,162.7,563.9,0.1639
A/Arica/59150/2025_H3N2,PENN,118,548.3,593.7,293.9,1203,0.05085
A/Arica/59150/2025_H3N2,SCH,39,261.5,305.3,80.81,873.7,0.3846
A/Arica/59150/2025_H3N2,PENN_0d-post-vax,59,389.8,413.6,205.8,715.8,0.08475
A/Arica/59150/2025_H3N2,PENN_28d-post-vax,59,721.5,852.2,451.9,1700,0.01695
A/Bahia/3102/2025_H3N2,All,306,524.5,571.4,270.8,1166,0.08824
A/Bahia/3102/2025_H3N2,CTS,40,1000,977.7,414.3,1715,0
A/Bahia/3102/2025_H3N2,HKU,47,360,393.9,203.7,561.9,0.08511
A/Bahia/3102/2025_H3N2,NIID,61,414.5,438.5,238.4,678.6,0.1148
A/Bahia/3102/2025_H3N2,PENN,118,738.8,753.5,366.8,1431,0.008475
A/Bahia/3102/2025_H3N2,SCH,40,260.2,342.5,91.47,876.8,0.375
A/Bahia/3102/2025_H3N2,PENN_0d-post-vax,59,517.8,556.9,273.7,874.5,0.01695
A/Bahia/3102/2025_H3N2,PENN_28d-post-vax,59,1188,1019,500.5,1731,0
A/Bangkok/1803/2025_H1N1,All,306,197.5,222,119.9,375.6,0.3105
A/Bangkok/1803/2025_H1N1,CTS,40,374.9,368.7,245.5,537.6,0.075
A/Bangkok/1803/2025_H1N1,HKU,47,223.7,244.1,173.9,335,0.06383
A/Bangkok/1803/2025_H1N1,NIID,61,177.6,172.5,104.9,240.3,0.4262
A/Bangkok/1803/2025_H1N1,PENN,118,182.9,227.4,120.2,418.9,0.322
A/Bangkok/1803/2025_H1N1,SCH,40,112.4,163.6,66.95,261.1,0.625
A/Bangkok/1803/2025_H1N1,PENN_0d-post-vax,59,155.6,181.5,107.9,298.9,0.4068
A/Bangkok/1803/2025_H1N1,PENN_28d-post-vax,59,210.5,285,143.8,522.9,0.2373
A/Bangkok/P2229/2025_H1N1,All,306,241.1,292.4,127.5,545,0.2843
A/Bangkok/P2229/2025_H1N1,CTS,40,485.2,584.2,247,1382,0.1
A/Bangkok/P2229/2025_H1N1,HKU,47,257.7,320.3,168.7,462.2,0.1277
A/Bangkok/P2229/2025_H1N1,NIID,61,170,193.8,112.8,272.9,0.3934
A/Bangkok/P2229/2025_H1N1,PENN,118,272.4,322.2,141.3,706.6,0.2458
A/Bangkok/P2229/2025_H1N1,SCH,40,95.32,185,48.43,424.8,0.6
A/Bangkok/P2229/2025_H1N1,PENN_0d-post-vax,59,203.7,242.9,120.8,407.3,0.3051
A/Bangkok/P2229/2025_H1N1,PENN_28d-post-vax,59,352.2,427.5,169,936,0.1864
A/Bangkok/P2323/2025_H3N2,All,306,291.9,341.5,167.8,652.6,0.1732
A/Bangkok/P2323/2025_H3N2,CTS,40,472.1,584.7,256.5,1338,0.025
A/Bangkok/P2323/2025_H3N2,HKU,47,231,260.9,146.1,389.4,0.2128
A/Bangkok/P2323/2025_H3N2,NIID,61,282.1,316.2,187.5,528.9,0.08197
A/Bangkok/P2323/2025_H3N2,PENN,118,330.1,360.4,176.9,781.4,0.161
A/Bangkok/P2323/2025_H3N2,SCH,40,157.9,262.7,69.7,649.3,0.45
A/Bangkok/P2323/2025_H3N2,PENN_0d-post-vax,59,253.5,254.2,141.4,431.2,0.2373
A/Bangkok/P2323/2025_H3N2,PENN_28d-post-vax,59,478.9,511.2,235.4,1240,0.08475
A/Bangkok/P2390/2025_H3N2,All,306,295.4,337.3,153.6,667.3,0.2222
A/Bangkok/P2390/2025_H3N2,CTS,40,466.5,681.9,336.6,1468,0
A/Bangkok/P2390/2025_H3N2,HKU,47,183.6,237,134.3,298.6,0.2766
A/Bangkok/P2390/2025_H3N2,NIID,61,273.7,266.6,160.8,362.2,0.2131
A/Bangkok/P2390/2025_H3N2,PENN,118,353.2,383,173.6,846.6,0.1864
A/Bangkok/P2390/2025_H3N2,SCH,40,145.1,248.4,63.67,645.3,0.5
A/Bangkok/P2390/2025_H3N2,PENN_0d-post-vax,59,231.6,260.4,126.9,452.9,0.3051
A/Bangkok/P2390/2025_H3N2,PENN_28d-post-vax,59,429.8,563.1,270.9,1274,0.0678
A/Bangkok/P2391/2025_H3N2,All,306,297.1,319.1,138.6,671.2,0.2516
A/Bangkok/P2391/2025_H3N2,CTS,40,470.4,520,219.5,1028,0.125
A/Bangkok/P2391/2025_H3N2,HKU,47,161.2,194,110.9,314.1,0.3617
A/Bangkok/P2391/2025_H3N2,NIID,61,294.1,265.9,146,512.1,0.2131
A/Bangkok/P2391/2025_H3N2,PENN,118,385.5,403.8,166.7,968.8,0.178
A/Bangkok/P2391/2025_H3N2,SCH,40,116,231.5,56.18,720.8,0.525
A/Bangkok/P2391/2025_H3N2,PENN_0d-post-vax,59,289.7,285.4,126,618.8,0.2712
A/Bangkok/P2391/2025_H3N2,PENN_28d-post-vax,59,560.3,571.4,245.9,1320,0.08475
A/Bangkok/P2572/2025_H3N2,All,306,296.7,334.9,133.5,679.7,0.2745
A/Bangkok/P2572/2025_H3N2,CTS,40,663.9,638.3,285.6,1229,0.075
A/Bangkok/P2572/2025_H3N2,HKU,47,205.2,257.1,133.6,395.6,0.3191
A/Bangkok/P2572/2025_H3N2,NIID,61,256.2,299.1,148.5,520,0.2459
A/Bangkok/P2572/2025_H3N2,PENN,118,322.8,359.6,150.1,789.5,0.2458
A/Bangkok/P2572/2025_H3N2,SCH,40,109.6,230.9,64.82,561.2,0.55
A/Bangkok/P2572/2025_H3N2,PENN_0d-post-vax,59,229.8,236.5,106,578.3,0.4068
A/Bangkok/P2572/2025_H3N2,PENN_28d-post-vax,59,524.9,546.7,257.4,1282,0.08475
A/Bangkok/P2921/2025_H3N2,All,306,412.6,409.4,153.5,868.5,0.219
A/Bangkok/P2921/2025_H3N2,CTS,40,681.4,793.5,296.4,2180,0.075
A/Bangkok/P2921/2025_H3N2,HKU,47,201.9,231.8,118.4,428.8,0.383
A/Bangkok/P2921/2025_H3N2,NIID,61,344.9,354.6,196.8,542.3,0.1148
A/Bangkok/P2921/2025_H3N2,PENN,118,510.4,465.4,182.8,1074,0.178
A/Bangkok/P2921/2025_H3N2,SCH,40,336.2,351.7,66.61,1398,0.45
A/Bangkok/P2921/2025_H3N2,PENN_0d-post-vax,59,342.5,304.5,126,732.1,0.2712
A/Bangkok/P2921/2025_H3N2,PENN_28d-post-vax,59,793.6,711.3,348.9,1718,0.08475
A/Bangkok/P3067/2025_H1N1,All,305,242.4,298.9,132.7,605.5,0.2754
A/Bangkok/P3067/2025_H1N1,CTS,40,494.9,659.3,263.9,1746,0.025
A/Bangkok/P3067/2025_H1N1,HKU,47,277.9,309,145.5,470.3,0.1915
A/Bangkok/P3067/2025_H1N1,NIID,61,191.2,191.2,116.2,279.8,0.3607
A/Bangkok/P3067/2025_H1N1,PENN,117,276.8,333,142,766.9,0.2479
A/Bangkok/P3067/2025_H1N1,SCH,40,107.3,188.1,45.25,469.9,0.575
A/Bangkok/P3067/2025_H1N1,PENN_0d-post-vax,58,219.2,254.4,126.9,525.9,0.3103
A/Bangkok/P3067/2025_H1N1,PENN_28d-post-vax,59,417.5,433.7,180.4,877.9,0.1864
A/Bangkok/P3263/2025_H3N2,All,301,461.6,507.2,245.8,902.5,0.0897
A/Bangkok/P3263/2025_H3N2,CTS,39,726.6,768.1,386,1342,0.05128
A/Bangkok/P3263/2025_H3N2,HKU,46,389.8,439.6,234.9,689.7,0.04348
A/Bangkok/P3263/2025_H3N2,NIID,59,507.4,563.9,295.3,1051,0.08475
A/Bangkok/P3263/2025_H3N2,PENN,117,426,483.9,258.2,843.3,0.05128
A/Bangkok/P3263/2025_H3N2,SCH,40,254.8,391.3,137.5,808,0.3
A/Bangkok/P3263/2025_H3N2,PENN_0d-post-vax,59,350.5,362.6,224.5,666.9,0.0678
A/Bangkok/P3263/2025_H3N2,PENN_28d-post-vax,58,548.7,648.9,298,1620,0.03448
A/Belgium/H0097/2025_H3N2,All,305,346.5,394.7,166.6,889.9,0.2164
A/Belgium/H0097/2025_H3N2,CTS,40,549.6,637.2,259.7,1436,0.1
A/Belgium/H0097/2025_H3N2,HKU,47,198.4,246.2,128.8,407.6,0.3404
A/Belgium/H0097/2025_H3N2,NIID,61,315.3,367.3,188.3,564.1,0.1967
A/Belgium/H0097/2025_H3N2,PENN,117,431.4,452.4,203.6,1083,0.1538
A/Belgium/H0097/2025_H3N2,SCH,40,217.2,318.7,53.23,1069,0.4
A/Belgium/H0097/2025_H3N2,PENN_0d-post-vax,58,324.6,319.3,154.7,687.8,0.2069
A/Belgium/H0097/2025_H3N2,PENN_28d-post-vax,59,582.6,637.2,272.9,1552,0.1017
A/Bhutan/1267/2025_H3N2,All,305,386.2,435.3,162.2,1017,0.2098
A/Bhutan/1267/2025_H3N2,CTS,40,818.6,905.9,363.1,2268,0
A/Bhutan/1267/2025_H3N2,HKU,47,248.1,289.5,142.2,500.6,0.234
A/Bhutan/1267/2025_H3N2,NIID,60,355.5,384.9,175.2,812.1,0.2
A/Bhutan/1267/2025_H3N2,PENN,118,440.8,462.6,179.7,1155,0.1864
A/Bhutan/1267/2025_H3N2,SCH,40,191.9,339.8,71.34,1145,0.475
A/Bhutan/1267/2025_H3N2,PENN_0d-post-vax,59,298.3,288.9,130.2,650.9,0.3051
A/Bhutan/1267/2025_H3N2,PENN_28d-post-vax,59,677.4,740.7,300.7,1899,0.0678
A/Bhutan/7/2025_H3N2,All,304,412.9,428.9,158.7,970.1,0.2204
A/Bhutan/7/2025_H3N2,CTS,40,810.2,868.6,347,1721,0.05
A/Bhutan/7/2025_H3N2,HKU,47,197.5,252.7,110.4,468.4,0.3617
A/Bhutan/7/2025_H3N2,NIID,60,392.2,348.5,158.1,622,0.2167
A/Bhutan/7/2025_H3N2,PENN,118,495.6,495.1,188.1,1200,0.1525
A/Bhutan/7/2025_H3N2,SCH,39,157.7,350.4,48.02,1000,0.4359
A/Bhutan/7/2025_H3N2,PENN_0d-post-vax,59,272.3,307.5,161.2,727.2,0.2203
A/Bhutan/7/2025_H3N2,PENN_28d-post-vax,59,862.7,797.1,299.6,1821,0.08475
A/BritishColumbia/PHL-2473/2025_H1N1,All,306,239.9,276.9,129.6,494.9,0.2974
A/BritishColumbia/PHL-2473/2025_H1N1,CTS,40,480.9,569.9,252.1,1234,0.075
A/BritishColumbia/PHL-2473/2025_H1N1,HKU,47,280,305.2,170,464.2,0.2128
A/BritishColumbia/PHL-2473/2025_H1N1,NIID,61,178.3,195.7,125.5,334.3,0.377
A/BritishColumbia/PHL-2473/2025_H1N1,PENN,118,247.6,290.8,135.6,655.4,0.2627
A/BritishColumbia/PHL-2473/2025_H1N1,SCH,40,102.5,176.4,53.44,407.5,0.6
A/BritishColumbia/PHL-2473/2025_H1N1,PENN_0d-post-vax,59,181.9,226.5,124.8,422.4,0.322
A/BritishColumbia/PHL-2473/2025_H1N1,PENN_28d-post-vax,59,315.5,373.4,165.9,824.6,0.2034
A/California/61/2025_H3N2,All,305,375.5,412.8,205.9,767,0.1377
A/California/61/2025_H3N2,CTS,40,587.8,716.9,398.9,1760,0.025
A/California/61/2025_H3N2,HKU,47,286.6,344.4,216.6,526.7,0.04255
A/California/61/2025_H3N2,NIID,60,340.1,399.6,235.2,735.4,0.08333
A/California/61/2025_H3N2,PENN,118,415,420.7,209,875.2,0.1525
A/California/61/2025_H3N2,SCH,40,187.8,291.8,90.54,625.8,0.4
A/California/61/2025_H3N2,PENN_0d-post-vax,59,299,309.1,139.2,607.1,0.2542
A/California/61/2025_H3N2,PENN_28d-post-vax,59,464,572.6,264,1258,0.05085
A/California/63/2025_H1N1,All,306,227.5,279,123.7,543.2,0.2908
A/California/63/2025_H1N1,CTS,40,465.1,566,261.5,1464,0.1
A/California/63/2025_H1N1,HKU,47,302.5,346.7,183.4,532.5,0.1277
A/California/63/2025_H1N1,NIID,61,159.6,176.9,110.1,230.6,0.377
A/California/63/2025_H1N1,PENN,118,238.8,292,123.5,606.2,0.2881
A/California/63/2025_H1N1,SCH,40,103.2,186.8,48.8,445.6,0.55
A/California/63/2025_H1N1,PENN_0d-post-vax,59,180.4,223.2,104.9,396.5,0.3729
A/California/63/2025_H1N1,PENN_28d-post-vax,59,313.8,382.2,160.4,849.6,0.2034
A/Canberra/465/2025_H1N1,All,306,294.6,342.8,172,612.2,0.1863
A/Canberra/465/2025_H1N1,CTS,40,508.9,660.5,330.6,1204,0.025
A/Canberra/465/2025_H1N1,HKU,47,328.3,381.9,230.3,478.6,0.02128
A/Canberra/465/2025_H1N1,NIID,61,194.5,213.9,122.2,306.9,0.3443
A/Canberra/465/2025_H1N1,PENN,118,312.4,394.5,193.2,761.6,0.1186
A/Canberra/465/2025_H1N1,SCH,40,143.7,212.7,66.19,490.8,0.5
A/Canberra/465/2025_H1N1,PENN_0d-post-vax,59,259.4,310.4,168.7,554.3,0.1525
A/Canberra/465/2025_H1N1,PENN_28d-post-vax,59,459.2,501.2,224.5,1145,0.08475
A/Canberra/530/2025_H1N1,All,306,215.3,279.8,127.6,533.9,0.2843
A/Canberra/530/2025_H1N1,CTS,40,446.2,571.1,229.8,1218,0.05
A/Canberra/530/2025_H1N1,HKU,47,246,315.6,168.9,447.8,0.1702
A/Canberra/530/2025_H1N1,NIID,61,166.3,185.4,116.3,248.6,0.377
A/Canberra/530/2025_H1N1,PENN,118,259.3,300.7,138.4,670.5,0.2542
A/Canberra/530/2025_H1N1,SCH,40,98.16,180.2,54.11,448.1,0.6
A/Canberra/530/2025_H1N1,PENN_0d-post-vax,59,184.1,230.9,119,417.4,0.322
A/Canberra/530/2025_H1N1,PENN_28d-post-vax,59,335.5,391.6,160.9,879.6,0.1864
A/Catalonia/NSVH102689455/2025_H1N1,All,306,247.3,307.4,144.4,592.4,0.2451
A/Catalonia/NSVH102689455/2025_H1N1,CTS,40,449.1,606.3,261.9,1314,0.025
A/Catalonia/NSVH102689455/2025_H1N1,HKU,47,285.3,344.5,180.4,554.1,0.06383
A/Catalonia/NSVH102689455/2025_H1N1,NIID,61,184.1,206,115.7,284.7,0.3443
A/Catalonia/NSVH102689455/2025_H1N1,PENN,118,285.5,324.8,146.3,632.8,0.2373
A/Catalonia/NSVH102689455/2025_H1N1,SCH,40,117.5,213.6,58.72,531.4,0.55
A/Catalonia/NSVH102689455/2025_H1N1,PENN_0d-post-vax,59,215.5,248.1,125.2,504.4,0.339
A/Catalonia/NSVH102689455/2025_H1N1,PENN_28d-post-vax,59,381.3,425.2,191.4,785.1,0.1356
A/Colorado/105/2025_H1N1,All,306,174.3,226.6,95.31,462.7,0.402
A/Colorado/105/2025_H1N1,CTS,40,374.3,455.2,167.8,981.1,0.125
A/Colorado/105/2025_H1N1,HKU,47,191.8,232.5,109.7,326.1,0.383
A/Colorado/105/2025_H1N1,NIID,61,140.7,156.9,88.98,216.1,0.4754
A/Colorado/105/2025_H1N1,PENN,118,196.6,239.8,97.99,618.3,0.3814
A/Colorado/105/2025_H1N1,SCH,40,74.38,162,45.2,496.9,0.65
A/Colorado/105/2025_H1N1,PENN_0d-post-vax,59,123.3,177.1,82.2,413.9,0.5085
A/Colorado/105/2025_H1N1,PENN_28d-post-vax,59,269,324.7,140.4,780.3,0.2542
A/CoteDIvoire/2007/2025_H1N1,All,306,253.6,309.7,150.6,595,0.2255
A/CoteDIvoire/2007/2025_H1N1,CTS,40,465.5,614.5,290.9,1395,0.025
A/CoteDIvoire/2007/2025_H1N1,HKU,47,267,340.1,191.1,498,0.1064
A/CoteDIvoire/2007/2025_H1N1,NIID,61,188.7,220.3,147.3,319.5,0.2295
A/CoteDIvoire/2007/2025_H1N1,PENN,118,277.4,333.1,156.1,752.1,0.2203
A/CoteDIvoire/2007/2025_H1N1,SCH,40,112.7,189.9,59.09,448.6,0.575
A/CoteDIvoire/2007/2025_H1N1,PENN_0d-post-vax,59,211.2,259.8,136.6,474.2,0.2712
A/CoteDIvoire/2007/2025_H1N1,PENN_28d-post-vax,59,359.6,427,182.2,983.9,0.1695
A/Croatia/10136RV/2023-egg_H3N2,All,305,619.3,707.3,198.6,2561,0.1902
A/Croatia/10136RV/2023-egg_H3N2,CTS,40,1124,1206,331.2,5340,0.15
A/Croatia/10136RV/2023-egg_H3N2,HKU,46,217.8,268,99.97,532.3,0.413
A/Croatia/10136RV/2023-egg_H3N2,NIID,61,365.2,431,165.5,1014,0.1967
A/Croatia/10136RV/2023-egg_H3N2,PENN,118,1284,1230,455.4,3562,0.05085
A/Croatia/10136RV/2023-egg_H3N2,SCH,40,646.8,527.5,105.5,2790,0.375
A/Croatia/10136RV/2023-egg_H3N2,PENN_0d-post-vax,59,723.3,705.1,306.1,1670,0.1017
A/Croatia/10136RV/2023-egg_H3N2,PENN_28d-post-vax,59,2707,2144,844.2,5580,0
A/Darwin/1405/2025_H1N1,All,306,243.4,306.6,145.4,562.7,0.2353
A/Darwin/1405/2025_H1N1,CTS,40,471.4,614.1,274.9,1222,0.05
A/Darwin/1405/2025_H1N1,HKU,47,288.6,340,177.4,478.4,0.08511
A/Darwin/1405/2025_H1N1,NIID,61,166,196,121.7,269.3,0.3279
A/Darwin/1405/2025_H1N1,PENN,118,282.5,337,152.3,671.6,0.2119
A/Darwin/1405/2025_H1N1,SCH,40,124.4,202.9,50.28,527,0.525
A/Darwin/1405/2025_H1N1,PENN_0d-post-vax,59,214,261.3,137.9,471.6,0.2881
A/Darwin/1405/2025_H1N1,PENN_28d-post-vax,59,344.9,434.6,165.3,989.4,0.1356
A/Darwin/1461/2025_H3N2,All,302,422.9,462.4,171.5,1090,0.1987
A/Darwin/1461/2025_H3N2,CTS,40,706.5,931.4,341.7,2457,0
A/Darwin/1461/2025_H3N2,HKU,47,213.4,244.4,113.5,427.5,0.3617
A/Darwin/1461/2025_H3N2,NIID,61,253.7,304.9,137,538.5,0.2787
A/Darwin/1461/2025_H3N2,PENN,116,576.4,592.3,275.9,1343,0.1034
A/Darwin/1461/2025_H3N2,SCH,38,403.3,446.2,96.97,1659,0.3684
A/Darwin/1461/2025_H3N2,PENN_0d-post-vax,57,409.8,386.4,179.8,781.5,0.193
A/Darwin/1461/2025_H3N2,PENN_28d-post-vax,59,886.5,894.7,446.2,2311,0.01695
A/Denmark/3070/2025_H1N1,All,306,218.7,246.7,123.3,422.3,0.2974
A/Denmark/3070/2025_H1N1,CTS,40,489.6,535,309.8,755.9,0
A/Denmark/3070/2025_H1N1,HKU,47,225.3,258.4,165.2,359,0.1064
A/Denmark/3070/2025_H1N1,NIID,61,148.5,161.7,101.6,225.5,0.4262
A/Denmark/3070/2025_H1N1,PENN,118,235.2,257.9,123.5,404.9,0.322
A/Denmark/3070/2025_H1N1,SCH,40,108.2,180.2,56.73,390.6,0.55
A/Denmark/3070/2025_H1N1,PENN_0d-post-vax,59,155,198.4,104.3,311.6,0.4068
A/Denmark/3070/2025_H1N1,PENN_28d-post-vax,59,305.3,335.1,150.5,520.5,0.2373
A/DistrictOfColumbia/27/2023_H3N2,All,306,431.9,444.8,164.7,1038,0.2026
A/DistrictOfColumbia/27/2023_H3N2,CTS,40,669,712.7,247.7,2224,0.15
A/DistrictOfColumbia/27/2023_H3N2,HKU,47,153.4,206.1,108.3,350.1,0.4681
A/DistrictOfColumbia/27/2023_H3N2,NIID,61,251.7,321.2,168.9,508.4,0.1311
A/DistrictOfColumbia/27/2023_H3N2,PENN,118,573.5,640.6,290.7,1566,0.07627
A/DistrictOfColumbia/27/2023_H3N2,SCH,40,229.3,383.7,78.48,1598,0.425
A/DistrictOfColumbia/27/2023_H3N2,PENN_0d-post-vax,59,461,449.9,205.6,778.9,0.1186
A/DistrictOfColumbia/27/2023_H3N2,PENN_28d-post-vax,59,1048,912.2,467.1,2154,0.0339
A/DistrictOfColumbia/57/2025_H3N2,All,306,257.6,304.4,133.6,656.6,0.2712
A/DistrictOfColumbia/57/2025_H3N2,CTS,40,475.1,533,207.6,1082,0.1
A/DistrictOfColumbia/57/2025_H3N2,HKU,47,172.2,212.3,109.9,353.2,0.3617
A/DistrictOfColumbia/57/2025_H3N2,NIID,61,233.3,262.3,133.5,388.1,0.2787
A/DistrictOfColumbia/57/2025_H3N2,PENN,118,291.9,349.2,179.3,814.6,0.1949
A/DistrictOfColumbia/57/2025_H3N2,SCH,40,128.1,222.5,47.64,596,0.55
A/DistrictOfColumbia/57/2025_H3N2,PENN_0d-post-vax,59,214.4,237.2,133.2,429,0.2881
A/DistrictOfColumbia/57/2025_H3N2,PENN_28d-post-vax,59,418.8,514.1,257.9,1216,0.1017
A/DistritoFederal/250106000728/2025_H3N2,All,304,349.4,389.8,195.5,670.8,0.1316
A/DistritoFederal/250106000728/2025_H3N2,CTS,40,721.5,755.7,366.5,1439,0.025
A/DistritoFederal/250106000728/2025_H3N2,HKU,47,308.5,317.9,189.3,438.2,0.08511
A/DistritoFederal/250106000728/2025_H3N2,NIID,61,277.4,298,162.3,511.1,0.1803
A/DistritoFederal/250106000728/2025_H3N2,PENN,118,456.9,484.4,233.3,881.2,0.05085
A/DistritoFederal/250106000728/2025_H3N2,SCH,38,160.2,195.8,50.95,350.5,0.4737
A/DistritoFederal/250106000728/2025_H3N2,PENN_0d-post-vax,59,316,371.9,204.3,593.4,0.08475
A/DistritoFederal/250106000728/2025_H3N2,PENN_28d-post-vax,59,624.4,630.9,318.4,1313,0.01695
A/DistritoFederal/2578578201/2025_H3N2,All,306,335.1,351.4,132.3,778.6,0.2614
A/DistritoFederal/2578578201/2025_H3N2,CTS,40,679.2,733.7,362,1530,0.125
A/DistritoFederal/2578578201/2025_H3N2,HKU,47,179.5,218.4,105.9,351,0.4255
A/DistritoFederal/2578578201/2025_H3N2,NIID,61,209.4,218,96.63,395.1,0.3443
A/DistritoFederal/2578578201/2025_H3N2,PENN,118,483.7,492.9,222.5,1040,0.1271
A/DistritoFederal/2578578201/2025_H3N2,SCH,40,153.8,224.5,40,792.9,0.475
A/DistritoFederal/2578578201/2025_H3N2,PENN_0d-post-vax,59,308.6,323.4,164.3,613.9,0.2034
A/DistritoFederal/2578578201/2025_H3N2,PENN_28d-post-vax,59,730.6,751.3,360.6,1576,0.05085
A/England/174/2025_H3N2,All,301,579.6,573.3,227.5,1473,0.1495
A/England/174/2025_H3N2,CTS,40,756.2,1092,471.7,3126,0.025
A/England/174/2025_H3N2,HKU,47,240.5,251.2,115.7,505.7,0.3191
A/England/174/2025_H3N2,NIID,61,465.5,475.5,230.5,803.5,0.1148
A/England/174/2025_H3N2,PENN,116,709.2,708.6,297.1,1662,0.08621
A/England/174/2025_H3N2,SCH,37,593.1,570.5,119.6,2132,0.3243
A/England/174/2025_H3N2,PENN_0d-post-vax,57,596.4,497.3,208.4,1043,0.1579
A/England/174/2025_H3N2,PENN_28d-post-vax,59,1133,997.7,458.9,2296,0.01695
A/England/1822256/2025_H1N1,All,306,271.4,320.5,138,649.9,0.2647
A/England/1822256/2025_H1N1,CTS,40,502.2,598.3,278.8,1209,0.1
A/England/1822256/2025_H1N1,HKU,47,250,291.2,140.9,459.8,0.2553
A/England/1822256/2025_H1N1,NIID,61,232.9,235.5,124,310.8,0.2951
A/England/1822256/2025_H1N1,PENN,118,301,366.5,145.3,847.7,0.2288
A/England/1822256/2025_H1N1,SCH,40,140.1,207,51.01,483.8,0.5
A/England/1822256/2025_H1N1,PENN_0d-post-vax,59,204,260.8,133.8,510.5,0.339
A/England/1822256/2025_H1N1,PENN_28d-post-vax,59,414.3,515.2,220.7,1232,0.1186
A/England/1837734/2025_H3N2,All,306,314.9,352.1,167.2,628.2,0.1961
A/England/1837734/2025_H3N2,CTS,40,513.5,614.9,283.9,1156,0
A/England/1837734/2025_H3N2,HKU,47,212.8,286.1,161.5,483.4,0.1702
A/England/1837734/2025_H3N2,NIID,61,259.8,310.6,152.6,556.5,0.2131
A/England/1837734/2025_H3N2,PENN,118,340.4,378.2,192.5,672.3,0.1525
A/England/1837734/2025_H3N2,SCH,40,132.6,252.3,62.32,553.3,0.525
A/England/1837734/2025_H3N2,PENN_0d-post-vax,59,242,260.7,145.4,473.9,0.2373
A/England/1837734/2025_H3N2,PENN_28d-post-vax,59,436.9,548.7,256.8,1257,0.0678
A/England/1837737/2025_H3N2,All,304,247.1,283,119.2,643,0.3158
A/England/1837737/2025_H3N2,CTS,40,504.5,610.6,284.1,1386,0.1
A/England/1837737/2025_H3N2,HKU,46,138.3,174,98.76,283.7,0.5
A/England/1837737/2025_H3N2,NIID,60,195.3,200.6,111.6,312.2,0.3
A/England/1837737/2025_H3N2,PENN,118,390.5,347.9,143.7,859,0.2458
A/England/1837737/2025_H3N2,SCH,40,97.77,209.2,40.22,863.3,0.55
A/England/1837737/2025_H3N2,PENN_0d-post-vax,59,215.4,224.8,114.6,554.3,0.339
A/England/1837737/2025_H3N2,PENN_28d-post-vax,59,579.5,538.4,231.9,1306,0.1525
A/France/ARA-HCL025155099501/2025_H1N1,All,306,194.2,253.4,119.5,448.7,0.3203
A/France/ARA-HCL025155099501/2025_H1N1,CTS,40,417.5,548.2,267.3,1053,0.025
A/France/ARA-HCL025155099501/2025_H1N1,HKU,47,193.9,263,134.6,370.1,0.2766
A/France/ARA-HCL025155099501/2025_H1N1,NIID,61,159.2,179.1,117.7,257,0.3443
A/France/ARA-HCL025155099501/2025_H1N1,PENN,118,223.4,263.1,117.5,546.2,0.322
A/France/ARA-HCL025155099501/2025_H1N1,SCH,40,97.77,170.3,49.88,444.4,0.625
A/France/ARA-HCL025155099501/2025_H1N1,PENN_0d-post-vax,59,157.4,200.1,99.25,444.8,0.4068
A/France/ARA-HCL025155099501/2025_H1N1,PENN_28d-post-vax,59,299.3,346,142.2,700.2,0.2373
A/Galicia/GA-CHUAC-451/2025_H3N2,All,304,372.8,378.6,126.9,941.1,0.2763
A/Galicia/GA-CHUAC-451/2025_H3N2,CTS,40,558.2,641.3,263.9,1988,0.15
A/Galicia/GA-CHUAC-451/2025_H3N2,HKU,46,137.6,181.5,81.54,458.8,0.5
A/Galicia/GA-CHUAC-451/2025_H3N2,NIID,61,269.8,276.4,114.5,516.8,0.2951
A/Galicia/GA-CHUAC-451/2025_H3N2,PENN,118,557.8,513.1,199.4,1255,0.161
A/Galicia/GA-CHUAC-451/2025_H3N2,SCH,39,521.6,342,41.14,1260,0.4615
A/Galicia/GA-CHUAC-451/2025_H3N2,PENN_0d-post-vax,59,411.7,343.8,139.7,803.5,0.2542
A/Galicia/GA-CHUAC-451/2025_H3N2,PENN_28d-post-vax,59,699.2,765.8,356.9,1667,0.0678
A/Ghana/ARI-25-1125/2025_H1N1,All,306,314.2,364.1,166.6,727.3,0.1993
A/Ghana/ARI-25-1125/2025_H1N1,CTS,40,582,699.3,331.4,1394,0
A/Ghana/ARI-25-1125/2025_H1N1,HKU,47,302.3,333.7,174.4,538.2,0.1915
A/Ghana/ARI-25-1125/2025_H1N1,NIID,61,225.9,271.2,161.1,470.1,0.2295
A/Ghana/ARI-25-1125/2025_H1N1,PENN,118,357.1,411.3,180.1,867,0.161
A/Ghana/ARI-25-1125/2025_H1N1,SCH,40,160.3,229.6,64.67,520,0.475
A/Ghana/ARI-25-1125/2025_H1N1,PENN_0d-post-vax,59,304.8,299.5,152.2,613.4,0.2373
A/Ghana/ARI-25-1125/2025_H1N1,PENN_28d-post-vax,59,456.9,564.9,263.1,1192,0.08475
A/Ghana/FS-25-7077/2025_H3N2,All,302,217.2,280.9,114,694.8,0.3377
A/Ghana/FS-25-7077/2025_H3N2,CTS,40,441.5,482.1,171.9,1316,0.175
A/Ghana/FS-25-7077/2025_H3N2,HKU,47,169.4,189.9,83.42,377.1,0.4894
A/Ghana/FS-25-7077/2025_H3N2,NIID,58,194.8,233.4,120.1,401.6,0.3621
A/Ghana/FS-25-7077/2025_H3N2,PENN,118,299,317.2,141,768,0.2458
A/Ghana/FS-25-7077/2025_H3N2,SCH,39,122.5,235.7,40.77,803.7,0.5641
A/Ghana/FS-25-7077/2025_H3N2,PENN_0d-post-vax,59,184.8,208.5,111.2,525.4,0.3559
A/Ghana/FS-25-7077/2025_H3N2,PENN_28d-post-vax,59,422.2,482.7,179.2,1469,0.1356
A/Guangdong-Maonan/11438/2025_H3N2,All,305,526.5,563.9,218.9,1240,0.1443
A/Guangdong-Maonan/11438/2025_H3N2,CTS,40,825,964.6,415.1,3075,0.075
A/Guangdong-Maonan/11438/2025_H3N2,HKU,46,224.8,300.2,143.8,647.3,0.2391
A/Guangdong-Maonan/11438/2025_H3N2,NIID,61,393.3,411,203.9,715.9,0.1639
A/Guangdong-Maonan/11438/2025_H3N2,PENN,118,686.1,735.2,298.9,1656,0.05932
A/Guangdong-Maonan/11438/2025_H3N2,SCH,40,470.6,503.9,91.19,2092,0.325
A/Guangdong-Maonan/11438/2025_H3N2,PENN_0d-post-vax,59,484.9,505.2,240.4,980,0.0678
A/Guangdong-Maonan/11438/2025_H3N2,PENN_28d-post-vax,59,1024,1070,505.8,2376,0.05085
A/Guangdong-Meijiang/11256/2025_H3N2,All,305,575.4,661.9,269.4,1546,0.08525
A/Guangdong-Meijiang/11256/2025_H3N2,CTS,40,1048,1127,438,2791,0
A/Guangdong-Meijiang/11256/2025_H3N2,HKU,47,414.9,384.5,216.8,617.4,0.08511
A/Guangdong-Meijiang/11256/2025_H3N2,NIID,61,494,542.7,307.7,794.9,0.03279
A/Guangdong-Meijiang/11256/2025_H3N2,PENN,117,779.6,825.1,378.3,2218,0.04274
A/Guangdong-Meijiang/11256/2025_H3N2,SCH,40,515.2,523,100.5,2086,0.375
A/Guangdong-Meijiang/11256/2025_H3N2,PENN_0d-post-vax,58,488.9,540,231.8,1106,0.06897
A/Guangdong-Meijiang/11256/2025_H3N2,PENN_28d-post-vax,59,1449,1252,518,2732,0.01695
A/Guangxi-Daxin/1643/2025_H3N2,All,305,335.4,368.3,142.5,872.7,0.2492
A/Guangxi-Daxin/1643/2025_H3N2,CTS,40,571.8,617.7,230.8,1613,0.125
A/Guangxi-Daxin/1643/2025_H3N2,HKU,47,149.4,187,91.47,323.4,0.4468
A/Guangxi-Daxin/1643/2025_H3N2,NIID,61,198.3,214.9,103.1,414.9,0.3443
A/Guangxi-Daxin/1643/2025_H3N2,PENN,118,579.1,525,258.5,1080,0.1186
A/Guangxi-Daxin/1643/2025_H3N2,SCH,39,304.8,389.6,93.86,1290,0.3846
A/Guangxi-Daxin/1643/2025_H3N2,PENN_0d-post-vax,59,372,349.3,161,785.5,0.1695
A/Guangxi-Daxin/1643/2025_H3N2,PENN_28d-post-vax,59,858.3,789,420.9,1516,0.0678
A/Guangxi-Qingxiu/SWL11742/2025_H1N1,All,306,259.9,324,148.5,563.2,0.2059
A/Guangxi-Qingxiu/SWL11742/2025_H1N1,CTS,40,523,677.3,308,1356,0.05
A/Guangxi-Qingxiu/SWL11742/2025_H1N1,HKU,47,285,368.5,199.6,530,0.06383
A/Guangxi-Qingxiu/SWL11742/2025_H1N1,NIID,61,195.5,207.8,141.4,300.4,0.2459
A/Guangxi-Qingxiu/SWL11742/2025_H1N1,PENN,118,290.9,350,158.9,765.5,0.1864
A/Guangxi-Qingxiu/SWL11742/2025_H1N1,SCH,40,133.9,208.7,59.77,460.2,0.525
A/Guangxi-Qingxiu/SWL11742/2025_H1N1,PENN_0d-post-vax,59,218.5,270.6,137.4,556,0.2542
A/Guangxi-Qingxiu/SWL11742/2025_H1N1,PENN_28d-post-vax,59,382.7,452.6,194.7,954.9,0.1186
A/Hawaii/44/2025_H1N1,All,306,197.1,236.6,109.5,447.1,0.3301
A/Hawaii/44/2025_H1N1,CTS,40,477,515.5,318.9,677.1,0.025
A/Hawaii/44/2025_H1N1,HKU,47,201.1,235.1,151.4,402.5,0.234
A/Hawaii/44/2025_H1N1,NIID,61,142.5,154.4,99.89,213.9,0.4918
A/Hawaii/44/2025_H1N1,PENN,118,219.1,253.6,111.7,462.4,0.3136
A/Hawaii/44/2025_H1N1,SCH,40,105.2,170.8,46.42,374.1,0.55
A/Hawaii/44/2025_H1N1,PENN_0d-post-vax,59,158.3,190.2,94.03,320.1,0.4237
A/Hawaii/44/2025_H1N1,PENN_28d-post-vax,59,286.2,338.1,143,537.8,0.2034
A/Hawaii/70/2019_H1N1,All,306,475.9,536.2,192.9,1476,0.1732
A/Hawaii/70/2019_H1N1,CTS,40,1018,1081,479.1,2547,0
A/Hawaii/70/2019_H1N1,HKU,47,375.3,505.1,187.2,1202,0.1489
A/Hawaii/70/2019_H1N1,NIID,61,397.7,480.1,165.7,1018,0.1967
A/Hawaii/70/2019_H1N1,PENN,118,587,662.4,236.9,1831,0.1017
A/Hawaii/70/2019_H1N1,SCH,40,122.4,181,40.77,506.7,0.55
A/Hawaii/70/2019_H1N1,PENN_0d-post-vax,59,438.3,532,234.3,1451,0.1525
A/Hawaii/70/2019_H1N1,PENN_28d-post-vax,59,937.8,824.8,237.2,2046,0.05085
A/HongKong/1257/2025_H3N2,All,305,440.4,440.1,165.7,1078,0.2328
A/HongKong/1257/2025_H3N2,CTS,40,755.6,880.1,376.9,1808,0.125
A/HongKong/1257/2025_H3N2,HKU,47,178.6,192,83.9,329.4,0.4468
A/HongKong/1257/2025_H3N2,NIID,60,318.8,378.3,184.5,641.2,0.1667
A/HongKong/1257/2025_H3N2,PENN,118,511.4,569.1,256.5,1291,0.1441
A/HongKong/1257/2025_H3N2,SCH,40,329.1,342.6,67,1201,0.45
A/HongKong/1257/2025_H3N2,PENN_0d-post-vax,59,440,369.3,141.8,837.2,0.2542
A/HongKong/1257/2025_H3N2,PENN_28d-post-vax,59,816,877.1,402.5,2080,0.0339
A/HongKong/1382/2025_H3N2,All,304,540.8,578.1,316.6,1002,0.04276
A/HongKong/1382/2025_H3N2,CTS,39,721.1,1014,573.4,1778,0
A/HongKong/1382/2025_H3N2,HKU,47,534.9,562.2,366.4,859.8,0
A/HongKong/1382/2025_H3N2,NIID,60,555,589.2,367.2,996.5,0.01667
A/HongKong/1382/2025_H3N2,PENN,118,525,559.6,312,943.8,0.02542
A/HongKong/1382/2025_H3N2,SCH,40,291.1,369.4,154,431.6,0.225
A/HongKong/1382/2025_H3N2,PENN_0d-post-vax,59,448.5,426.7,245.7,687.1,0.05085
A/HongKong/1382/2025_H3N2,PENN_28d-post-vax,59,698.5,733.8,400.1,1352,0
A/Indonesia/BIOKES-I-BT074/2025_H3N2,All,306,475.9,530.6,193.9,1278,0.1536
A/Indonesia/BIOKES-I-BT074/2025_H3N2,CTS,40,787.1,1099,416.6,3780,0.025
A/Indonesia/BIOKES-I-BT074/2025_H3N2,HKU,47,277.1,292.4,139.8,511.5,0.2553
A/Indonesia/BIOKES-I-BT074/2025_H3N2,NIID,61,469.4,492.6,217.3,718.1,0.08197
A/Indonesia/BIOKES-I-BT074/2025_H3N2,PENN,118,493.3,574,205.3,1472,0.1271
A/Indonesia/BIOKES-I-BT074/2025_H3N2,SCH,40,435.1,458.6,76.22,1754,0.35
A/Indonesia/BIOKES-I-BT074/2025_H3N2,PENN_0d-post-vax,59,311.8,362.2,158.4,892.5,0.2034
A/Indonesia/BIOKES-I-BT074/2025_H3N2,PENN_28d-post-vax,59,927.4,909.8,285.2,2377,0.05085
A/Indonesia/BIOKES-INAD491/2025_H3N2,All,306,540,568.2,218.2,1462,0.1536
A/Indonesia/BIOKES-INAD491/2025_H3N2,CTS,40,1006,1088,451.6,2576,0.075
A/Indonesia/BIOKES-INAD491/2025_H3N2,HKU,47,218.8,286.4,144.1,532.8,0.234
A/Indonesia/BIOKES-INAD491/2025_H3N2,NIID,61,417.9,458.7,233.5,811.2,0.1475
A/Indonesia/BIOKES-INAD491/2025_H3N2,PENN,118,696,709.2,294.5,1796,0.09322
A/Indonesia/BIOKES-INAD491/2025_H3N2,SCH,40,349.6,478.4,82.45,1898,0.325
A/Indonesia/BIOKES-INAD491/2025_H3N2,PENN_0d-post-vax,59,419.8,460.8,241.2,1207,0.1864
A/Indonesia/BIOKES-INAD491/2025_H3N2,PENN_28d-post-vax,59,1305,1091,551.9,2107,0
A/Lao/820-2750/2025_H3N2,All,305,406.3,434.9,182.6,1039,0.1836
A/Lao/820-2750/2025_H3N2,CTS,40,717.6,850.3,389.6,2030,0.05
A/Lao/820-2750/2025_H3N2,HKU,47,245.8,259.5,146.9,437.6,0.1702
A/Lao/820-2750/2025_H3N2,NIID,61,416.6,441,234,597.3,0.09836
A/Lao/820-2750/2025_H3N2,PENN,118,360.6,438.5,159,1329,0.1864
A/Lao/820-2750/2025_H3N2,SCH,39,532.2,388.7,73.8,1308,0.4615
A/Lao/820-2750/2025_H3N2,PENN_0d-post-vax,59,206.9,271,109.4,678.2,0.3051
A/Lao/820-2750/2025_H3N2,PENN_28d-post-vax,59,802.1,709.5,290.9,1808,0.0678
A/Malaysia/IMR/SARI/2028/2025_H3N2,All,306,633,635.6,266.7,1443,0.0915
A/Malaysia/IMR/SARI/2028/2025_H3N2,CTS,40,915,1199,645.9,2871,0
A/Malaysia/IMR/SARI/2028/2025_H3N2,HKU,47,305.7,340.3,160.8,573.8,0.1702
A/Malaysia/IMR/SARI/2028/2025_H3N2,NIID,61,538.1,569.1,320.5,824.1,0.03279
A/Malaysia/IMR/SARI/2028/2025_H3N2,PENN,118,764.5,763.9,320.1,1808,0.0339
A/Malaysia/IMR/SARI/2028/2025_H3N2,SCH,40,410.8,483.1,100.5,1869,0.35
A/Malaysia/IMR/SARI/2028/2025_H3N2,PENN_0d-post-vax,59,513,503.8,215.2,1119,0.0678
A/Malaysia/IMR/SARI/2028/2025_H3N2,PENN_28d-post-vax,59,1238,1158,580.9,2354,0
A/Malaysia/IMR/SARI/2406/2025_H3N2,All,306,285.3,300.3,161.7,526.4,0.1961
A/Malaysia/IMR/SARI/2406/2025_H3N2,CTS,40,480.2,540.1,283.3,954.5,0
A/Malaysia/IMR/SARI/2406/2025_H3N2,HKU,47,309.6,289.2,191.2,415.2,0.04255
A/Malaysia/IMR/SARI/2406/2025_H3N2,NIID,61,302.1,349.4,225.7,633.3,0.1148
A/Malaysia/IMR/SARI/2406/2025_H3N2,PENN,118,259.3,278.1,145.7,495.9,0.2373
A/Malaysia/IMR/SARI/2406/2025_H3N2,SCH,40,99.53,173.8,55.02,433.4,0.575
A/Malaysia/IMR/SARI/2406/2025_H3N2,PENN_0d-post-vax,59,187.3,207.6,114.8,343.2,0.339
A/Malaysia/IMR/SARI/2406/2025_H3N2,PENN_28d-post-vax,59,291.8,372.5,193.1,913.2,0.1356
A/Malaysia/IMR/SARI/2517/2025_H3N2,All,306,272.4,301.3,141.6,588.6,0.2451
A/Malaysia/IMR/SARI/2517/2025_H3N2,CTS,40,391.3,540,235.3,1283,0.05
A/Malaysia/IMR/SARI/2517/2025_H3N2,HKU,47,205.5,247.7,153.9,364.2,0.234
A/Malaysia/IMR/SARI/2517/2025_H3N2,NIID,61,257.9,289.6,154.2,476.3,0.2295
A/Malaysia/IMR/SARI/2517/2025_H3N2,PENN,118,279.1,300.8,145.6,597.4,0.2373
A/Malaysia/IMR/SARI/2517/2025_H3N2,SCH,40,128.3,225.6,64.68,499.3,0.5
A/Malaysia/IMR/SARI/2517/2025_H3N2,PENN_0d-post-vax,59,200,205.3,118.7,386.4,0.3559
A/Malaysia/IMR/SARI/2517/2025_H3N2,PENN_28d-post-vax,59,363.8,440.8,227.4,1113,0.1186
A/Massachusetts/18/2022_H3N2,All,303,271.8,332.9,100.6,1136,0.3267
A/Massachusetts/18/2022_H3N2,CTS,40,236.2,324.7,102,1590,0.425
A/Massachusetts/18/2022_H3N2,HKU,47,83.96,132.7,56.66,269.5,0.5532
A/Massachusetts/18/2022_H3N2,NIID,61,157.2,166.2,68.78,258.5,0.4918
A/Massachusetts/18/2022_H3N2,PENN,115,683.7,659.3,279.4,1590,0.08696
A/Massachusetts/18/2022_H3N2,SCH,40,397.8,406.3,56.21,1704,0.4
A/Massachusetts/18/2022_H3N2,PENN_0d-post-vax,57,502.1,447.9,186.5,1156,0.1404
A/Massachusetts/18/2022_H3N2,PENN_28d-post-vax,58,1089,964.1,417.7,2155,0.03448
A/Michigan/110/2025_H3N2,All,305,352.4,382.1,133.7,970,0.2557
A/Michigan/110/2025_H3N2,CTS,40,747.7,785.8,275.7,2457,0.125
A/Michigan/110/2025_H3N2,HKU,47,133.7,156.1,66.96,297.8,0.5106
A/Michigan/110/2025_H3N2,NIID,61,252.2,296,144.7,504.8,0.2295
A/Michigan/110/2025_H3N2,PENN,118,508.1,514,209.2,1297,0.1441
A/Michigan/110/2025_H3N2,SCH,39,254.5,326.5,47.78,1296,0.4615
A/Michigan/110/2025_H3N2,PENN_0d-post-vax,59,326.7,329.5,171.9,618.2,0.2203
A/Michigan/110/2025_H3N2,PENN_28d-post-vax,59,886.2,801.6,362.9,1590,0.0678
A/Minnesota/96/2025_H3N2,All,306,476.2,508.7,196.3,1126,0.1601
A/Minnesota/96/2025_H3N2,CTS,40,954.1,994.7,467.7,2224,0.05
A/Minnesota/96/2025_H3N2,HKU,47,225.2,247.3,138.5,389.8,0.2553
A/Minnesota/96/2025_H3N2,NIID,61,352.1,404.2,259.5,640.9,0.1311
A/Minnesota/96/2025_H3N2,PENN,118,742.5,659.3,276.9,1438,0.09322
A/Minnesota/96/2025_H3N2,SCH,40,339.2,401,76.16,1291,0.4
A/Minnesota/96/2025_H3N2,PENN_0d-post-vax,59,415.4,434.5,181.8,946.5,0.1695
A/Minnesota/96/2025_H3N2,PENN_28d-post-vax,59,1022,1000,494.9,2039,0.01695
A/Missouri/11/2025_H1N1,All,306,248.6,298.8,134.4,572.1,0.2614
A/Missouri/11/2025_H1N1,CTS,40,499.1,574.3,243.7,1288,0.1
A/Missouri/11/2025_H1N1,HKU,47,276.5,352.5,165.2,580.9,0.1064
A/Missouri/11/2025_H1N1,NIID,61,188.9,190.3,114.5,271.1,0.377
A/Missouri/11/2025_H1N1,PENN,118,265.4,327.2,149.5,681.9,0.2119
A/Missouri/11/2025_H1N1,SCH,40,103.4,194.7,57.1,486.6,0.575
A/Missouri/11/2025_H1N1,PENN_0d-post-vax,59,220,248.6,128.3,500.4,0.3051
A/Missouri/11/2025_H1N1,PENN_28d-post-vax,59,418.5,430.7,199.6,955.4,0.1186
A/NewSouthWales/2526015582/2025_H3N2,All,306,285.6,330.5,149.8,618.1,0.2255
A/NewSouthWales/2526015582/2025_H3N2,CTS,40,440.1,606.7,286.6,1118,0
A/NewSouthWales/2526015582/2025_H3N2,HKU,47,201.7,256.3,148.9,386.4,0.2128
A/NewSouthWales/2526015582/2025_H3N2,NIID,61,250.4,284.4,143,448,0.2131
A/NewSouthWales/2526015582/2025_H3N2,PENN,118,329.7,364.2,167.4,840.8,0.2034
A/NewSouthWales/2526015582/2025_H3N2,SCH,40,111,229.3,69.65,526.7,0.55
A/NewSouthWales/2526015582/2025_H3N2,PENN_0d-post-vax,59,230.6,242,121.2,490.3,0.339
A/NewSouthWales/2526015582/2025_H3N2,PENN_28d-post-vax,59,510.4,547.9,245.6,1216,0.0678
A/NewSouthWales/2526015584/2025_H3N2,All,306,459.7,501.4,256.7,928.2,0.07843
A/NewSouthWales/2526015584/2025_H3N2,CTS,40,754,873.8,455.1,1688,0
A/NewSouthWales/2526015584/2025_H3N2,HKU,47,410.3,443.8,287.4,673,0.02128
A/NewSouthWales/2526015584/2025_H3N2,NIID,61,534.2,585.1,288.2,1078,0.01639
A/NewSouthWales/2526015584/2025_H3N2,PENN,118,395.6,457.2,247.2,876.6,0.07627
A/NewSouthWales/2526015584/2025_H3N2,SCH,40,232,344.4,110.6,673.2,0.325
A/NewSouthWales/2526015584/2025_H3N2,PENN_0d-post-vax,59,312.7,340,196.1,657,0.1186
A/NewSouthWales/2526015584/2025_H3N2,PENN_28d-post-vax,59,493.7,614.7,315.2,1316,0.0339
A/Norway/8765/2025_H3N2,All,306,286.1,328.4,151.8,679.3,0.2255
A/Norway/8765/2025_H3N2,CTS,40,405,566.1,247.7,1280,0.025
A/Norway/8765/2025_H3N2,HKU,47,227.4,261.7,134.8,408.2,0.2766
A/Norway/8765/2025_H3N2,NIID,61,267.5,291.3,157.6,462.8,0.1967
A/Norway/8765/2025_H3N2,PENN,118,304.1,354.3,166.5,805.7,0.1864
A/Norway/8765/2025_H3N2,SCH,40,117.1,238.4,67.14,571.7,0.525
A/Norway/8765/2025_H3N2,PENN_0d-post-vax,59,235.7,246.3,110.5,535.6,0.3051
A/Norway/8765/2025_H3N2,PENN_28d-post-vax,59,442.5,509.7,222.9,1308,0.0678
A/Norway/8976/2025_H3N2,All,306,283,350.4,155.8,714.6,0.2059
A/Norway/8976/2025_H3N2,CTS,40,488.2,650.2,275.8,1830,0.025
A/Norway/8976/2025_H3N2,HKU,47,211.6,267.2,141.6,375.7,0.234
A/Norway/8976/2025_H3N2,NIID,61,255.7,321.3,179.6,553.5,0.1148
A/Norway/8976/2025_H3N2,PENN,118,326.6,381.2,170.4,881.9,0.1864
A/Norway/8976/2025_H3N2,SCH,40,108.7,231,58.39,519.5,0.55
A/Norway/8976/2025_H3N2,PENN_0d-post-vax,59,222.6,257.4,126.6,561.8,0.2881
A/Norway/8976/2025_H3N2,PENN_28d-post-vax,59,454.3,564.5,268.4,1452,0.08475
A/Norway/9107/2025_H1N1,All,306,241.6,292.4,137.1,534.1,0.2647
A/Norway/9107/2025_H1N1,CTS,40,456.9,583.9,236.4,1122,0.025
A/Norway/9107/2025_H1N1,HKU,47,243.9,306.2,169.1,451.2,0.1702
A/Norway/9107/2025_H1N1,NIID,61,192.1,203.6,112.8,279.8,0.3279
A/Norway/9107/2025_H1N1,PENN,118,264.1,315.2,140.1,656.9,0.2542
A/Norway/9107/2025_H1N1,SCH,40,115,192.9,47.17,511.4,0.55
A/Norway/9107/2025_H1N1,PENN_0d-post-vax,59,203.7,241,130,432.8,0.339
A/Norway/9107/2025_H1N1,PENN_28d-post-vax,59,382.3,412.3,170.9,932,0.1695
A/Norway/9556/2025_H1N1,All,306,157.2,181.6,101.3,303.4,0.4314
A/Norway/9556/2025_H1N1,CTS,40,296.6,286,189.2,442.2,0.15
A/Norway/9556/2025_H1N1,HKU,47,172,181.4,124.5,237.3,0.3404
A/Norway/9556/2025_H1N1,NIID,61,144.4,145.6,101.1,195.5,0.4918
A/Norway/9556/2025_H1N1,PENN,118,157.8,191.6,90.8,394.1,0.4661
A/Norway/9556/2025_H1N1,SCH,40,84,138.1,45.82,238.8,0.625
A/Norway/9556/2025_H1N1,PENN_0d-post-vax,59,122.7,148,74.44,282.6,0.5593
A/Norway/9556/2025_H1N1,PENN_28d-post-vax,59,205.8,248.1,108,457.8,0.3729
A/Peru/GIHSN-04-1089/2025_H3N2,All,303,369.6,383,123.4,898,0.2772
A/Peru/GIHSN-04-1089/2025_H3N2,CTS,40,498.5,628.5,210.2,1549,0.125
A/Peru/GIHSN-04-1089/2025_H3N2,HKU,46,126.2,168.7,67.75,307.9,0.5435
A/Peru/GIHSN-04-1089/2025_H3N2,NIID,61,271.2,283.3,113.9,652.1,0.3115
A/Peru/GIHSN-04-1089/2025_H3N2,PENN,118,582.8,516.2,263.1,1220,0.161
A/Peru/GIHSN-04-1089/2025_H3N2,SCH,38,400.8,394.6,64.77,1952,0.4211
A/Peru/GIHSN-04-1089/2025_H3N2,PENN_0d-post-vax,59,367.4,325,150.2,746.3,0.2542
A/Peru/GIHSN-04-1089/2025_H3N2,PENN_28d-post-vax,59,857.4,819.9,452.5,1728,0.0678
A/Philippines/SARI25-1425/2025_H1N1,All,306,210.9,231.2,131.3,387.2,0.2941
A/Philippines/SARI25-1425/2025_H1N1,CTS,40,411.4,394.4,258.9,541.1,0.025
A/Philippines/SARI25-1425/2025_H1N1,HKU,47,253.3,255.6,181.2,316.4,0.1064
A/Philippines/SARI25-1425/2025_H1N1,NIID,61,177.5,172.1,112.9,222.7,0.4098
A/Philippines/SARI25-1425/2025_H1N1,PENN,118,208.6,240.9,130.1,422.2,0.2881
A/Philippines/SARI25-1425/2025_H1N1,SCH,40,97.21,167.4,61.91,359,0.625
A/Philippines/SARI25-1425/2025_H1N1,PENN_0d-post-vax,59,193.5,197.2,113.3,334.4,0.322
A/Philippines/SARI25-1425/2025_H1N1,PENN_28d-post-vax,59,264.5,294.3,139.2,501.5,0.2542
A/Queensland/2526516675/2025_H3N2,All,306,356.3,388.4,178.9,728.4,0.1601
A/Queensland/2526516675/2025_H3N2,CTS,40,584,655.4,295.1,1407,0
A/Queensland/2526516675/2025_H3N2,HKU,47,263.3,292,157.1,526.3,0.234
A/Queensland/2526516675/2025_H3N2,NIID,61,365.3,363.4,194.1,544.7,0.1148
A/Queensland/2526516675/2025_H3N2,PENN,118,405.5,417.4,180.2,801.3,0.1186
A/Queensland/2526516675/2025_H3N2,SCH,40,185.4,288.1,97.15,545.2,0.425
A/Queensland/2526516675/2025_H3N2,PENN_0d-post-vax,59,289.7,278.5,159.9,524.7,0.1864
A/Queensland/2526516675/2025_H3N2,PENN_28d-post-vax,59,525.5,625.5,359.7,1568,0.05085
A/SouthAfrica/PET37604/2025_H3N2,All,306,744.8,788.7,372.5,1754,0.06536
A/SouthAfrica/PET37604/2025_H3N2,CTS,40,1058,1244,612.9,2369,0.025
A/SouthAfrica/PET37604/2025_H3N2,HKU,47,448.7,514,302.9,812.2,0.06383
A/SouthAfrica/PET37604/2025_H3N2,NIID,61,510,573.4,365.6,868.9,0.08197
A/SouthAfrica/PET37604/2025_H3N2,PENN,118,1148,1044,455.3,2184,0.01695
A/SouthAfrica/PET37604/2025_H3N2,SCH,40,593.7,587,153.6,2257,0.225
A/SouthAfrica/PET37604/2025_H3N2,PENN_0d-post-vax,59,827.2,727.4,381.6,1338,0.0339
A/SouthAfrica/PET37604/2025_H3N2,PENN_28d-post-vax,59,1788,1499,705,3165,0
A/SouthAfrica/PET37625/2025_H3N2,All,306,662.8,688.9,265.8,1704,0.09477
A/SouthAfrica/PET37625/2025_H3N2,CTS,40,1224,1301,628.9,3390,0
A/SouthAfrica/PET37625/2025_H3N2,HKU,47,290.6,365.9,182.6,632.4,0.1277
A/SouthAfrica/PET37625/2025_H3N2,NIID,61,535.6,586,279.8,1257,0.06557
A/SouthAfrica/PET37625/2025_H3N2,PENN,118,866,842.4,365.6,2084,0.04237
A/SouthAfrica/PET37625/2025_H3N2,SCH,40,541.8,543,107.3,2178,0.35
A/SouthAfrica/PET37625/2025_H3N2,PENN_0d-post-vax,59,579.4,568.3,261.2,1226,0.08475
A/SouthAfrica/PET37625/2025_H3N2,PENN_28d-post-vax,59,1507,1249,661.8,2589,0
A/SouthAustralia/2519001037/2025_H1N1,All,306,253.3,295.8,137.4,544.9,0.2549
A/SouthAustralia/2519001037/2025_H1N1,CTS,40,479.5,596.4,279,1265,0.075
A/SouthAustralia/2519001037/2025_H1N1,HKU,47,282.2,342.4,202.6,468,0.08511
A/SouthAustralia/2519001037/2025_H1N1,NIID,61,197.5,197.4,105.1,286.9,0.3607
A/SouthAustralia/2519001037/2025_H1N1,PENN,118,275.1,311.7,142.5,620.6,0.2373
A/SouthAustralia/2519001037/2025_H1N1,SCH,40,120,196,58.27,478.6,0.525
A/SouthAustralia/2519001037/2025_H1N1,PENN_0d-post-vax,59,183.2,245.7,122.4,529.8,0.322
A/SouthAustralia/2519001037/2025_H1N1,PENN_28d-post-vax,59,340,395.3,181.6,911.2,0.1525
A/SouthAustralia/2520702747/2025_H1N1,All,306,265.1,325.2,150.7,622,0.2157
A/SouthAustralia/2520702747/2025_H1N1,CTS,40,584.2,706.5,319.2,1381,0.025
A/SouthAustralia/2520702747/2025_H1N1,HKU,47,264.5,334.9,181.2,476.8,0.1277
A/SouthAustralia/2520702747/2025_H1N1,NIID,61,199.1,205.5,134.7,296,0.2623
A/SouthAustralia/2520702747/2025_H1N1,PENN,118,316.5,364.5,170.4,759.6,0.1864
A/SouthAustralia/2520702747/2025_H1N1,SCH,40,129.8,207.7,57.19,488.2,0.525
A/SouthAustralia/2520702747/2025_H1N1,PENN_0d-post-vax,59,220.7,284.4,144.1,604.9,0.2542
A/SouthAustralia/2520702747/2025_H1N1,PENN_28d-post-vax,59,355.3,467.3,186.4,983,0.1186
A/SouthAustralia/2523012764/2025_H1N1,All,306,265.9,317.6,147,606.9,0.232
A/SouthAustralia/2523012764/2025_H1N1,CTS,40,506.9,606.5,275,1204,0.025
A/SouthAustralia/2523012764/2025_H1N1,HKU,47,359.3,353,213,516.8,0.1489
A/SouthAustralia/2523012764/2025_H1N1,NIID,61,194.8,212.1,127.5,289,0.2787
A/SouthAustralia/2523012764/2025_H1N1,PENN,118,286.3,345.8,157.4,720.6,0.2119
A/SouthAustralia/2523012764/2025_H1N1,SCH,40,124.6,211.6,60.42,539.4,0.525
A/SouthAustralia/2523012764/2025_H1N1,PENN_0d-post-vax,59,241.4,261,127.6,489.1,0.2881
A/SouthAustralia/2523012764/2025_H1N1,PENN_28d-post-vax,59,425.4,458.2,191.2,1096,0.1356
A/SouthAustralia/2523812314/2025_H3N2,All,306,340,386.2,167.4,815.9,0.1961
A/SouthAustralia/2523812314/2025_H3N2,CTS,40,537.3,634.7,272.6,1473,0.05
A/SouthAustralia/2523812314/2025_H3N2,HKU,47,221.2,267,141.4,442.5,0.2553
A/SouthAustralia/2523812314/2025_H3N2,NIID,61,250.6,288.3,130.3,561.9,0.2787
A/SouthAustralia/2523812314/2025_H3N2,PENN,118,464.6,491.5,235.5,1048,0.1017
A/SouthAustralia/2523812314/2025_H3N2,SCH,40,192.8,278.1,72.18,604.7,0.425
A/SouthAustralia/2523812314/2025_H3N2,PENN_0d-post-vax,59,311.1,351.8,193.1,820.1,0.1525
A/SouthAustralia/2523812314/2025_H3N2,PENN_28d-post-vax,59,554.4,686.6,319.8,1840,0.05085
A/SouthAustralia/2524408801/2025_H3N2,All,306,260.8,317.6,130.2,713.9,0.2778
A/SouthAustralia/2524408801/2025_H3N2,CTS,40,380.2,531.7,225.9,1146,0.1
A/SouthAustralia/2524408801/2025_H3N2,HKU,47,190,230.2,118.8,366.1,0.3617
A/SouthAustralia/2524408801/2025_H3N2,NIID,61,219.8,267.1,123.1,462.5,0.2951
A/SouthAustralia/2524408801/2025_H3N2,PENN,118,321.5,369.3,178.1,786.5,0.2034
A/SouthAustralia/2524408801/2025_H3N2,SCH,40,102.3,231.1,61.64,639.9,0.55
A/SouthAustralia/2524408801/2025_H3N2,PENN_0d-post-vax,59,251.4,261.9,124.2,547,0.322
A/SouthAustralia/2524408801/2025_H3N2,PENN_28d-post-vax,59,455.6,520.8,240.8,1218,0.08475
A/SouthAustralia/2524712956/2025_H1N1,All,306,227.4,261.2,134.9,448.7,0.2647
A/SouthAustralia/2524712956/2025_H1N1,CTS,40,525.6,579.1,350.4,793.1,0
A/SouthAustralia/2524712956/2025_H1N1,HKU,47,243.3,258,174.8,387.8,0.1489
A/SouthAustralia/2524712956/2025_H1N1,NIID,61,166.2,177,127.5,231.8,0.3115
A/SouthAustralia/2524712956/2025_H1N1,PENN,118,227.3,273.6,129.1,467.8,0.2797
A/SouthAustralia/2524712956/2025_H1N1,SCH,40,118.2,188.7,57.77,479.6,0.55
A/SouthAustralia/2524712956/2025_H1N1,PENN_0d-post-vax,59,176.7,212,108.8,372.1,0.3898
A/SouthAustralia/2524712956/2025_H1N1,PENN_28d-post-vax,59,328.4,353,149.9,541.5,0.1695
A/SouthAustralia/2525607496/2025_H3N2,All,303,430.9,429.8,125.9,1185,0.2739
A/SouthAustralia/2525607496/2025_H3N2,CTS,40,974.4,991.5,405.1,2243,0.075
A/SouthAustralia/2525607496/2025_H3N2,HKU,45,188.7,216.2,86.61,550.2,0.4
A/SouthAustralia/2525607496/2025_H3N2,NIID,60,349.7,383.6,131,746.6,0.2833
A/SouthAustralia/2525607496/2025_H3N2,PENN,118,463.8,476.3,153.9,1687,0.2203
A/SouthAustralia/2525607496/2025_H3N2,SCH,40,420.4,353.4,44.06,1460,0.475
A/SouthAustralia/2525607496/2025_H3N2,PENN_0d-post-vax,59,233.4,289.4,103.5,860.5,0.3559
A/SouthAustralia/2525607496/2025_H3N2,PENN_28d-post-vax,59,776.4,784.1,260,2241,0.08475
A/SouthAustralia/2527003588/2025_H3N2,All,300,218.7,245.7,104.4,482.2,0.3667
A/SouthAustralia/2527003588/2025_H3N2,CTS,39,368.7,503.3,215.8,1353,0.1026
A/SouthAustralia/2527003588/2025_H3N2,HKU,47,161.5,187.1,106.4,297.1,0.4255
A/SouthAustralia/2527003588/2025_H3N2,NIID,60,204.1,225.9,119.6,389.7,0.3833
A/SouthAustralia/2527003588/2025_H3N2,PENN,117,238.9,242.3,102.8,619.4,0.3675
A/SouthAustralia/2527003588/2025_H3N2,SCH,37,101.1,195.3,40.08,449.3,0.5405
A/SouthAustralia/2527003588/2025_H3N2,PENN_0d-post-vax,59,159.4,167.1,74.7,327.4,0.4746
A/SouthAustralia/2527003588/2025_H3N2,PENN_28d-post-vax,58,276,353.6,146.7,959.1,0.2586
A/SouthAustralia/2527213276/2025_H3N2,All,303,397.1,425.6,201.1,843.9,0.1452
A/SouthAustralia/2527213276/2025_H3N2,CTS,40,747.5,747,382.1,1517,0
A/SouthAustralia/2527213276/2025_H3N2,HKU,47,376.2,429,289.1,552,0.04255
A/SouthAustralia/2527213276/2025_H3N2,NIID,58,407.6,481.7,214.5,900.6,0.1379
A/SouthAustralia/2527213276/2025_H3N2,PENN,118,397.1,387.1,184.2,751.7,0.1271
A/SouthAustralia/2527213276/2025_H3N2,SCH,40,171.1,265.6,66.2,620.5,0.475
A/SouthAustralia/2527213276/2025_H3N2,PENN_0d-post-vax,59,237.2,283,164.3,566.2,0.1864
A/SouthAustralia/2527213276/2025_H3N2,PENN_28d-post-vax,59,575.9,529.4,244.3,1010,0.0678
A/SouthAustralia/2527612456/2025_H1N1,All,306,163.4,206.3,80.42,435.9,0.4542
A/SouthAustralia/2527612456/2025_H1N1,CTS,40,410.9,464,174.3,1165,0.15
A/SouthAustralia/2527612456/2025_H1N1,HKU,47,176.7,209.3,95.39,340.1,0.4043
A/SouthAustralia/2527612456/2025_H1N1,NIID,61,128.1,147,86.92,203.8,0.5574
A/SouthAustralia/2527612456/2025_H1N1,PENN,118,171,209.2,79.6,485.8,0.4492
A/SouthAustralia/2527612456/2025_H1N1,SCH,40,67.88,145,40.14,411.6,0.675
A/SouthAustralia/2527612456/2025_H1N1,PENN_0d-post-vax,59,118.2,153.1,70.26,376.1,0.5763
A/SouthAustralia/2527612456/2025_H1N1,PENN_28d-post-vax,59,228.8,285.7,105.8,541.8,0.322
A/SouthAustralia/2527902708/2025_H3N2,All,297,221.1,256.2,133.9,500.9,0.2761
A/SouthAustralia/2527902708/2025_H3N2,CTS,40,511.1,489.4,201.1,1018,0.025
A/SouthAustralia/2527902708/2025_H3N2,HKU,46,197.6,231.6,127.5,379.7,0.3478
A/SouthAustralia/2527902708/2025_H3N2,NIID,57,234,262.8,152.6,414.3,0.2281
A/SouthAustralia/2527902708/2025_H3N2,PENN,116,189.6,227.3,121.3,430.4,0.3017
A/SouthAustralia/2527902708/2025_H3N2,SCH,38,181.7,203.1,49.39,424.5,0.4474
A/SouthAustralia/2527902708/2025_H3N2,PENN_0d-post-vax,57,165.8,170.8,99.11,275.3,0.3509
A/SouthAustralia/2527902708/2025_H3N2,PENN_28d-post-vax,59,276.8,299.7,139.5,656.6,0.2542
A/Sydney/1359/2024_H3N2,All,306,401.4,445.8,175.2,1012,0.2092
A/Sydney/1359/2024_H3N2,CTS,40,982.8,1047,519.7,2238,0.05
A/Sydney/1359/2024_H3N2,HKU,47,226.9,290.3,131.1,527.5,0.2766
A/Sydney/1359/2024_H3N2,NIID,61,362.9,371.8,188.5,642.4,0.1803
A/Sydney/1359/2024_H3N2,PENN,118,444.1,476.1,177.6,1137,0.1695
A/Sydney/1359/2024_H3N2,SCH,40,193.5,341.5,59.99,1124,0.45
A/Sydney/1359/2024_H3N2,PENN_0d-post-vax,59,302.5,295.1,118.2,643,0.2712
A/Sydney/1359/2024_H3N2,PENN_28d-post-vax,59,767.4,768,300.6,2030,0.0678
A/Sydney/400/2025_H1N1,All,306,287.1,346,148.1,730.5,0.2255
A/Sydney/400/2025_H1N1,CTS,40,576.8,734.6,326.7,2216,0.075
A/Sydney/400/2025_H1N1,HKU,47,316.7,384.5,177.7,628.9,0.1277
A/Sydney/400/2025_H1N1,NIID,61,204.8,281.3,143.6,464.5,0.2131
A/Sydney/400/2025_H1N1,PENN,118,299.5,379.5,158.1,824.2,0.1949
A/Sydney/400/2025_H1N1,SCH,40,76.72,150.1,43.86,372.7,0.6
A/Sydney/400/2025_H1N1,PENN_0d-post-vax,59,222.9,308.5,141.8,717.6,0.2542
A/Sydney/400/2025_H1N1,PENN_28d-post-vax,59,337.2,467,182.7,1072,0.1356
A/Tasmania/2521815682/2025_H3N2,All,305,291,314.6,141.4,650.5,0.2492
A/Tasmania/2521815682/2025_H3N2,CTS,40,479.1,564.6,308,932.6,0.075
A/Tasmania/2521815682/2025_H3N2,HKU,47,187.9,244.9,147.3,451.9,0.234
A/Tasmania/2521815682/2025_H3N2,NIID,61,291,292,133.6,473.7,0.2787
A/Tasmania/2521815682/2025_H3N2,PENN,118,319.6,325.1,148.1,779.3,0.2119
A/Tasmania/2521815682/2025_H3N2,SCH,39,124.4,237.5,54.26,666.8,0.5128
A/Tasmania/2521815682/2025_H3N2,PENN_0d-post-vax,59,232.9,228.5,102.5,431.4,0.322
A/Tasmania/2521815682/2025_H3N2,PENN_28d-post-vax,59,488,462.5,187.2,1092,0.1017
A/Thailand/8/2022_H3N2,All,303,593.4,625.5,183.6,2030,0.1881
A/Thailand/8/2022_H3N2,CTS,40,614.9,774.7,232.7,2847,0.125
A/Thailand/8/2022_H3N2,HKU,47,214.4,237.5,72.75,558.7,0.383
A/Thailand/8/2022_H3N2,NIID,61,249.9,312.3,142.1,661.2,0.2459
A/Thailand/8/2022_H3N2,PENN,115,1283,1281,544.5,3328,0.06957
A/Thailand/8/2022_H3N2,SCH,40,799,578.4,81.58,3020,0.275
A/Thailand/8/2022_H3N2,PENN_0d-post-vax,57,878.9,864.7,377.7,2142,0.1053
A/Thailand/8/2022_H3N2,PENN_28d-post-vax,58,1984,1886,731.2,5926,0.03448
A/Vermont/73/2025_H3N2,All,305,271.3,317.2,145,663.6,0.2426
A/Vermont/73/2025_H3N2,CTS,40,564.4,601.9,242.9,1719,0.125
A/Vermont/73/2025_H3N2,HKU,47,195.2,245.4,145.1,407.1,0.234
A/Vermont/73/2025_H3N2,NIID,60,274.1,287.1,148.9,549.7,0.25
A/Vermont/73/2025_H3N2,PENN,118,294.9,329,169.6,710.5,0.1949
A/Vermont/73/2025_H3N2,SCH,40,133.1,235.5,54.15,506.1,0.5
A/Vermont/73/2025_H3N2,PENN_0d-post-vax,59,234.4,236,133.1,414.4,0.3051
A/Vermont/73/2025_H3N2,PENN_28d-post-vax,59,486.9,458.6,214,1098,0.08475
A/Victoria/4897/2022_IVR-238_H1N1,All,306,1790,1523,584,4494,0.05882
A/Victoria/4897/2022_IVR-238_H1N1,CTS,40,3094,2186,862.4,4974,0
A/Victoria/4897/2022_IVR-238_H1N1,HKU,47,959.3,922.2,298.4,3124,0.1277
A/Victoria/4897/2022_IVR-238_H1N1,NIID,61,1660,1578,887.4,3620,0.04918
A/Victoria/4897/2022_IVR-238_H1N1,PENN,118,2340,2060,732.9,5228,0
A/Victoria/4897/2022_IVR-238_H1N1,SCH,40,928.7,743.7,183.1,4167,0.225
A/Victoria/4897/2022_IVR-238_H1N1,PENN_0d-post-vax,59,1399,1324,511.1,3105,0
A/Victoria/4897/2022_IVR-238_H1N1,PENN_28d-post-vax,59,3505,3207,1638,6750,0
A/Wisconsin/588/2019_H1N1,All,306,518,556.5,221.4,1295,0.1471
A/Wisconsin/588/2019_H1N1,CTS,40,779.2,968,410.2,2556,0.05
A/Wisconsin/588/2019_H1N1,HKU,47,455.9,503,199.2,1065,0.1064
A/Wisconsin/588/2019_H1N1,NIID,61,428.7,416.8,210.4,871.5,0.1803
A/Wisconsin/588/2019_H1N1,PENN,118,626,743.1,280.6,1730,0.0678
A/Wisconsin/588/2019_H1N1,SCH,40,169.8,238.5,58.02,662.3,0.475
A/Wisconsin/588/2019_H1N1,PENN_0d-post-vax,59,451.8,559.4,238.8,1300,0.1017
A/Wisconsin/588/2019_H1N1,PENN_28d-post-vax,59,914.9,987,359.6,2457,0.0339
A/Wisconsin/67/2022_H1N1,All,306,241.9,313.2,141.4,578.8,0.2484
A/Wisconsin/67/2022_H1N1,CTS,40,516.5,671.6,264.8,1361,0.025
A/Wisconsin/67/2022_H1N1,HKU,47,298.7,364.3,198.1,502.4,0.06383
A/Wisconsin/67/2022_H1N1,NIID,61,144.3,182.9,107.8,242.3,0.459
A/Wisconsin/67/2022_H1N1,PENN,118,285,339.6,152.1,726,0.2034
A/Wisconsin/67/2022_H1N1,SCH,40,138.5,218.8,53.88,576.9,0.5
A/Wisconsin/67/2022_H1N1,PENN_0d-post-vax,59,216,258.3,131.1,491.4,0.3051
A/Wisconsin/67/2022_H1N1,PENN_28d-post-vax,59,363.5,446.4,180.2,1036,0.1017
A/Zacapa/FLU-261/2025_H1N1,All,306,273.6,318.5,146.1,567.3,0.2386
A/Zacapa/FLU-261/2025_H1N1,CTS,40,542.5,662.7,291.5,1508,0.025
A/Zacapa/FLU-261/2025_H1N1,HKU,47,294.1,364.1,188.9,503.4,0.1277
A/Zacapa/FLU-261/2025_H1N1,NIID,61,176.5,203.6,130.1,294.9,0.377
A/Zacapa/FLU-261/2025_H1N1,PENN,118,330.9,342.8,165.2,595.4,0.1949
A/Zacapa/FLU-261/2025_H1N1,SCH,40,133.7,208.1,56.06,491.6,0.5
A/Zacapa/FLU-261/2025_H1N1,PENN_0d-post-vax,59,200.4,260.3,137.4,494.6,0.2712
A/Zacapa/FLU-261/2025_H1N1,PENN_28d-post-vax,59,423.5,451.3,207.8,862.4,0.1186
