barcode,count,fraction_all_valid_and_invalid_counts
GTACAAACCTGCAAAT,41145,0.0325
CAATTAGAAATACATA,29973,0.0236
GACGGACTATCAACGA,29521,0.0233
CGGGTCCTAGGCGAGG,29304,0.0231
GAACACAATTACTTAG,26805,0.0211
TACACTCAAACGATGC,24936,0.0197
AACCACCGAGTGACCG,24625,0.0194
AAAAAATTTATGACAA,23921,0.0189
ATTAACCAATTGAGCA,23700,0.0187
GAAGAAACTATAACCA,23153,0.0183
GAAAGACCGATGCCAG,23116,0.0182
TACCCTGCAAGCCACT,21235,0.0167
TGATATCTGGAATCTG,18250,0.0144
ACGGCATCCCAATTGA,16857,0.0133
AGTAAACATGCATTGG,16187,0.0128
TGGAATCGTCACCGAT,15309,0.0121
AACGACAAACAGTAAG,14851,0.0117
TTATCTGTAGAGCGCT,14666,0.0116
TAGATTTGTCCGTACA,14574,0.0115
CTCGCGGGTATATAGA,14358,0.0113
ATTTCATGAGATAGGG,13284,0.0105
GAGATAAAAGAGCTCT,13263,0.0105
GTACACTCTTTCAATT,13196,0.0104
AATCATACATGCTTCT,12994,0.0102
CTGAACTTGTCGATAT,12836,0.0101
AGAAAAGATAGGAAAG,12508,0.00987
TTTAGCCGGCTGTAAC,12402,0.00978
AAAGCTCTTTTCGTTC,11270,0.00889
GATGACGCGACCTCCT,10979,0.00866
CCGTTAGGGATTCCTC,10742,0.00847
CGAAGATGAGCCCTCG,10464,0.00825
ATTGGCTGTCGTGGCC,9958,0.00785
TCGGAGAGCGATCCGC,9808,0.00774
AGGAAAGAAACTGGAG,9800,0.00773
ACGAGAAGCAGGGGGC,9226,0.00728
ACATTTAGCGGACCGT,9105,0.00718
AGAACGGCTTGACACT,8970,0.00707
TGGTAGTCCTTAACCG,8941,0.00705
CATACAGAGTTTGTTG,8914,0.00703
ATCATAGCACTAAAAT,8911,0.00703
CGTACTAATCACTCCG,8809,0.00695
TCGCGGATTAAACCAT,8028,0.00633
TCTGTAGCTCCCTCAC,7968,0.00628
ATAGAATCGCAAATTA,7944,0.00627
TTTGGCGAGCAGCCCG,7801,0.00615
TAGCCTATAATCAAGT,7680,0.00606
CATGTGGAGGGTCGAG,7576,0.00598
GCGTAGTTTGATTCAT,7543,0.00595
AAAGGAAGCCCCTCAC,7455,0.00588
CCTAGCCGGAAACATG,7025,0.00554
GAGGACAGCGGTCGTC,6822,0.00538
GAAGGACTTGGGGCTC,6820,0.00538
CATTTCTGATGAATTG,6760,0.00533
CACATACAACACGACC,6740,0.00532
CTTTAAATTATAGTCT,6621,0.00522
CGTCAATGGGTCATCG,6583,0.00519
GATGCCCCTTGGCTCT,6510,0.00513
AAGCGACGCGCGACGG,6491,0.00512
GATTGAGGGGTCCGGG,6397,0.00505
TACGATACTCGGAAGG,6260,0.00494
AAGACCTAGTTTGAAC,6231,0.00491
CCTTATGAATTACGCG,6219,0.0049
GCATACTGGTTACATT,6187,0.00488
AGGCGGACTAACTGCA,6148,0.00485
GCCAACTTTCACTTGG,6005,0.00474
TAACCGGTCAGATGTT,5994,0.00473
CCAGGATCTATCCTTC,5913,0.00466
TAGATAACTCGCTAGG,5819,0.00459
AGAGCTAAAAAGAGGA,5758,0.00454
CCGTGTGTTGTGCGCA,5741,0.00453
GTTGACTGCCTTTCTT,5684,0.00448
GTCCATAGTTTCGTGA,5651,0.00446
ATAGCCCTAACGAAAG,5568,0.00439
GCGGACAGCGGTTATC,5536,0.00437
GTCACAGTCATCGTGT,5513,0.00435
GTGCAATTCCGCGTCC,5497,0.00434
ATTGCAACGCCGGTGT,5475,0.00432
ACCAGGTGGCAGTACA,5389,0.00425
ACTTTCCTCCCATGCG,5323,0.0042
AGAGGCCGGACGTAAA,5316,0.00419
CCTACGCTCGTATCCC,5286,0.00417
CCTCTGTGTACTAATT,5221,0.00412
TTTGCTACAAGTGAGC,5153,0.00406
CGATTACGCTTTCCGG,5139,0.00405
ATGCGTTTATCGATTT,5018,0.00396
GAACGGAGATCTGTTG,4987,0.00393
TAGTACTAACACCAGA,4980,0.00393
GACTTCTTCCGCTCTT,4939,0.0039
ATCGATCGAGATAACG,4898,0.00386
AAGTTAAGAGAAAGTT,4779,0.00377
AGCTCCACATTTGGCC,4766,0.00376
CAAATATAATGTCCTG,4719,0.00372
TGCGATGCATAGTTCG,4719,0.00372
CACAGCGCTGGCCTTG,4703,0.00371
TGAGTGTCCAGGTACT,4679,0.00369
ATCTTGTATGATATGT,4635,0.00366
TCGATTTCTAAATTCC,4592,0.00362
CGAACATGGGAACTAA,4458,0.00352
ATCTCGGCCGGCCAAT,4426,0.00349
CGTTGCATGTAGCAGG,4407,0.00348
AAGCGCTTCCCAGCCA,4405,0.00347
AACACTCAATACCGGT,4380,0.00345
GCAGAAAGAGGTAATA,4363,0.00344
ACGTCGCTAGACTTTA,4174,0.00329
CAAATGGGCTGCAGGG,4117,0.00325
GTCTTGTCGATTGGTA,4025,0.00317
AGGAAGATCAAAAGCG,3988,0.00315
AAATATTGAGACTAAT,3880,0.00306
ATTACAACCCAGACAA,3850,0.00304
ATAAATTCTTTATGGA,3809,0.003
CTTTTCCGTGTCCTCT,3790,0.00299
GTCGTCCGTAAGTTCA,3735,0.00295
TAAAAGCTCCCATTAC,3684,0.00291
CGACTCTGTCGGGTAA,3640,0.00287
TCCACACCCCTAGCTA,3635,0.00287
TATATTAGTAACATAA,3520,0.00278
CTGAGTATGGGGCTCA,3467,0.00273
ATGCCGGGCCGTTACT,3456,0.00273
CGGTAAGTTTCGAGGA,3432,0.00271
GAATCTCCCGCGTATA,3337,0.00263
TCACACCGCTCAGCCT,3315,0.00261
TTTACTCGATCCTCGC,3262,0.00257
TATCCGGGTCTGATGC,3251,0.00256
AAACTCTAACTGAGTT,3198,0.00252
GAACCTACAAGCAGTC,3190,0.00252
GATCGGAATAACCGTA,3060,0.00241
TATGCTAAGACTTTTT,3051,0.00241
TGATGCCGTCAGCCTT,3038,0.0024
TTCGACAAGTATACGT,3009,0.00237
TTACCTTAAATCAAAG,2978,0.00235
TATGTCCGCACCGCCG,2910,0.0023
GCTCCTGGTCATATAT,2862,0.00226
TCTGTGCGAGCATCGG,2848,0.00225
AGTCCTATCCTCAAAT,2825,0.00223
TGTCGGGGTACGGGAC,2820,0.00222
TCGTGCTGTCATGCAG,2814,0.00222
TGTCGGTGCGCCGCTT,2748,0.00217
TTTCCAGGGCTTCCCG,2711,0.00214
AAGACGAAGCGTTTGC,2701,0.00213
TTTTCGATAATAATCT,2693,0.00212
GCTCAGTCGCCACGTT,2664,0.0021
CACACCTCTCTCGCCG,2602,0.00205
ATGAGCTAAACATGAT,2576,0.00203
GAGTGCCCAGGTGTTG,2523,0.00199
GTATTGAATGTCCGGC,2505,0.00198
TCGCTTTAGCCGGACC,2435,0.00192
TTCTAACGATTGTAGG,2367,0.00187
ACATCCGCCCTTCGGT,2334,0.00184
CCATACCACGCCCTGT,2317,0.00183
AACTCCCATGGGGCAG,2289,0.00181
TCGGTCGGGCGAAGGC,2285,0.0018
GCCAGCCGAAAGCCGT,2145,0.00169
CGATCTTTACGAAAAA,2118,0.00167
GCCCACGTTTAACTTT,2104,0.00166
AATCCGAAATTTATTC,2097,0.00165
GAATAATAGAACAGAG,2076,0.00164
ATCGCAAGTACCAGTT,2046,0.00161
AACTCCAATTTGTTTT,1983,0.00156
GTATCACGTCGTTTAC,1808,0.00143
ACGATTTTTTCTACAT,1797,0.00142
TGTCTGCGCTTAAGTT,1780,0.0014
TGTGCGAAGTTGATGT,1769,0.0014
GCTGATAAACAATCTA,1732,0.00137
AAGCAGTTTGCCCCCA,1663,0.00131
TCCCTTCTTCGCAACT,1611,0.00127
GTATAGAAATGGGTCA,1563,0.00123
TTTCGGGGCCCCAATG,1516,0.0012
ATCCGTTGGGCGACAA,1458,0.00115
AGACCATCGCACCCAA,1339,0.00106
AGGAACATGTCCATAC,1334,0.00105
ACGATCGTCGGAGGTC,1126,0.000888
AGCAGTCCCGCTAGTC,1088,0.000858
TCCCAAGACAAGCGAC,941,0.000742
TTGAAACTCTTGTCCT,862,0.00068
CAGGTACGCGTTTCTG,823,0.000649
TTTATTACTCTTATGG,808,0.000637
GCGGCGCCCGGTTGAT,783,0.000618
CTTGAACCAGCAGTGT,736,0.00058
AAGAAGCTATAGAAGT,691,0.000545
GCTTGTTAGCCTGAAG,672,0.00053
CATCGACAGGTCCCAC,635,0.000501
CGACGCGCCGTCGCTG,628,0.000495
TTTGGTGAGGCCCAAT,573,0.000452
CAGGCTGCTGGGCCGC,561,0.000442
TTTTCTGACGATGCAG,554,0.000437
CATAAAAGACTGTATA,552,0.000435
GAAGTGCTGCTGAAGT,516,0.000407
ATCAAGGACCCTGGGC,476,0.000375
ATACATCCGACGCTTT,422,0.000333
AGGACCTAAATGAAGT,367,0.000289
GCAGCTTGAATGATGT,296,0.000233
CGTACGTATGTCCCAG,183,0.000144
CTGCCGCCTGCTGTGT,166,0.000131
GTCGCCGCTAATCCGA,90,7.1e-05
GTTGATTCGATCATAT,50,3.94e-05
