strain,fraction_strain,mean_ratio_to_add,x_volume_to_add,accession,strain_type,subclade,num_date,vaccine_type,strain_id
A/Colorado/105/2025_H1N1,0.0022554142560572772,3.801838424904115,57.02757637356173,PX399795_K186R,circulating_2025to2026,,,,H1N1_1
A/Andalucia/PMC-00977/2025_H1N1,0.001570994211080362,5.513887511088209,82.70831266632312,PX399795,circulating_2025to2026,,,,H1N1_3
A/SouthAustralia/2524712956/2025_H1N1,0.0009302200964877558,8.59557888566138,128.9336832849207,PX103346_I113V,circulating_2025to2026,,,,H1N1_4
A/Norway/9556/2025_H1N1,0.0014582062127605144,5.746161822664223,86.19242733996334,PX399795_G172E,circulating_2025to2026,,,,H1N1_5
A/Bangkok/P2277/2025_H1N1,5.185655095165414e-07,17381.936372846263,260729.04559269396,PX103346,circulating_2025to2026,,,,H1N1_6
A/Alagoas/4131/2025_H1N1,0.00013880270138059425,28.787228725067223,431.80843087600834,PX400159_A278S,circulating_2025to2026,,,,H1N1_7
A/Denmark/3070/2025_H1N1,0.0005837319085457868,14.990895694848202,224.86343542272303,PV585284_V338I,circulating_2025to2026,,,,H1N1_8
A/Bangkok/1803/2025_H1N1,0.0005526179779747943,16.820574730457537,252.30862095686305,PX400048_G172E,circulating_2025to2026,,,,H1N1_9
A/Aragon/2046/2025_H1N1,0.002357658089016955,3.6204549420055234,54.30682413008285,PX399795_K171R,circulating_2025to2026,,,,H1N1_10
A/Canberra/465/2025_H1N1,0.0002241067276960653,23.416499123581456,351.24748685372185,PX400159_I113V,circulating_2025to2026,,,,H1N1_11
A/Bangkok/P2229/2025_H1N1,0.0006362798801767963,13.790506813387227,206.8576022008084,PV729267,circulating_2025to2026,,,,H1N1_12
A/Victoria/1493/2025_H1N1,0.00021105616237323234,47.34546568170976,710.1819852256464,PV617059_Q180K,circulating_2025to2026,,,,H1N1_13
A/Lao/820-2765/2025_H1N1,0.0002694812097787627,30.45400096759,456.81001451385004,PX445514_E277K,circulating_2025to2026,,,,H1N1_14
A/France/ARA-HCL025155099501/2025_H1N1,0.0015951939348578007,5.795402980030885,86.93104470046327,PX399795_K276Q,circulating_2025to2026,,,,H1N1_15
A/SouthAustralia/2527612456/2025_H1N1,0.004040489594983052,2.3333693593767557,35.00054039065134,PX399795_G281S,circulating_2025to2026,,,,H1N1_16
A/Guangxi-Qingxiu/SWL11742/2025_H1N1,0.00045720192422375066,20.496686555952056,307.45029833928083,PV728947,circulating_2025to2026,,,,H1N1_17
A/Darwin/1405/2025_H1N1,0.0005510622814462446,17.70721994086264,265.6082991129396,PV500341,circulating_2025to2026,,,,H1N1_18
A/Queensland/159/2025_H1N1,0.00019532634191789724,39.45744234518345,591.8616351777517,PX400159_S207R,circulating_2025to2026,,,,H1N1_19
A/Catalonia/NSVH102689455/2025_H1N1,0.0006844200449769152,16.46936346036856,247.04045190552839,PX400077,circulating_2025to2026,,,,H1N1_23
A/SouthAustralia/2519001037/2025_H1N1,0.0005769041293371523,11.131386857307461,166.97080285961192,PV584492,circulating_2025to2026,,,,H1N1_24
A/Alagoas/3579/2025_H1N1,0.00043412575905026453,11.710000148335551,175.65000222503326,PV886191,circulating_2025to2026,,,,H1N1_25
A/Zacapa/FLU-261/2025_H1N1,0.0006265135630809014,12.279018317209825,184.1852747581474,PV885403_A158T,circulating_2025to2026,,,,H1N1_26
A/Sydney/400/2025_H1N1,0.00039428264240241027,17.919975148827493,268.7996272324124,PX400048_N147K,circulating_2025to2026,,,,H1N1_27
A/Canberra/530/2025_H1N1,0.0010542436808471285,9.366415177971378,140.49622766957066,PX399828_A156S,circulating_2025to2026,,,,H1N1_28
A/California/63/2025_H1N1,0.0008814749385932009,7.883919111547427,118.2587866732114,PX468236,circulating_2025to2026,,,,H1N1_29
A/Philippines/SARI25-1425/2025_H1N1,0.0005814847913378817,17.835388061991228,267.5308209298684,PV894789_I527V,circulating_2025to2026,,,,H1N1_30
A/SouthAustralia/2521506017/2025_H1N1,0.00022661312765872858,26.036837821847584,390.55256732771375,PV516038_I202T,circulating_2025to2026,,,,H1N1_31
A/Norway/9107/2025_H1N1,0.00041623524897194385,20.540587045805278,308.10880568707915,PV515446_S88A,circulating_2025to2026,,,,H1N1_32
A/BritishColumbia/PHL-2478/2025_H1N1,0.0002582456237392376,32.06262691429119,480.9394037143678,PV585284_E83K_S551G,circulating_2025to2026,,,,H1N1_33
A/SouthAustralia/2523012764/2025_H1N1,0.0007626370093289936,14.097897610379322,211.46846415568982,PV886191_S138I_V496I,circulating_2025to2026,,,,H1N1_34
A/SouthAustralia/2518911830/2025_H1N1,0.0001448526323249539,30.820401762419237,462.30602643628856,PV896643_Q71L_A278S,circulating_2025to2026,,,,H1N1_35
A/SouthAustralia/2520702747/2025_H1N1,0.00062521714930711,10.365044344859308,155.47566517288962,PV831977_S154P,circulating_2025to2026,,,,H1N1_36
A/SouthAustralia/2521715152/2025_H1N1,0.00036844079451150264,25.290800575906005,379.36200863859005,PV888538_L87F,circulating_2025to2026,,,,H1N1_37
A/BritishColumbia/PHL-2473/2025_H1N1,0.0009970286196304703,9.232971394425839,138.49457091638757,PX468204_K450R,circulating_2025to2026,,,,H1N1_38
A/NewSouthWales/2525913630/2025_H1N1,0.00033888256046905977,27.42460592781013,411.36908891715194,PV733162_K2E_I202T,circulating_2025to2026,,,,H1N1_39
A/Bangkok/P3067/2025_H1N1,0.00047621599290602383,16.47320940604027,247.09814109060403,PV887503_D111N,circulating_2025to2026,,,,H1N1_40
A/CoteDIvoire/2007/2025_H1N1,0.00044657133127866156,20.103771300486777,301.5565695073017,PV894446_I202T,circulating_2025to2026,,,,H1N1_41
A/Catalonia/NSVH102686666/2025_H1N1,0.0003279926847692124,26.25519814580109,393.8279721870163,PV885931_M8I_N490D,circulating_2025to2026,,,,H1N1_42
A/Malaysia/IMR-SARI1798/2025_H1N1,0.0008033444018260421,10.459145124795786,156.8871768719368,PV884179_N73D_A158E,circulating_2025to2026,,,,H1N1_43
A/Chinautla/FLU-331/2025_H1N1,0.00011330656382936429,81.9210459241527,1228.8156888622905,PV500381_A158T_V169I,circulating_2025to2026,,,,H1N1_44
A/England/1822256/2025_H1N1,0.000801097284618137,10.149084659248862,152.23626988873292,PV772324,circulating_2025to2026,,,,H1N1_45
A/SouthAustralia/2518902563/2025_H1N1,0.00019679561086152745,57.96270878256405,869.4406317384608,PV728578_F12S_P288Q_V338I,circulating_2025to2026,,,,H1N1_46
A/Ghana/ARI-25-1125/2025_H1N1,0.0008257291463201728,10.553742599237665,158.30613898856498,PV283252,circulating_2025to2026,,,,H1N1_47
A/Hawaii/44/2025_H1N1,0.000988213005968689,9.147245590413517,137.20868385620275,PX400002,circulating_2025to2026,,,,H1N1_48
A/Norway/8765/2025_H3N2,0.005271131976650724,1.734783755190456,26.02175632785684,PX422923,circulating_2025to2026,,,,H3N2_1
A/NewSouthWales/2526015582/2025_H3N2,0.007343924745773259,1.1996153771397173,17.99423065709576,PX422923_V104I,circulating_2025to2026,,,,H3N2_2
A/Bangkok/P2390/2025_H3N2,0.0050573965591449895,1.851857233299654,27.77785849949481,PX422972,circulating_2025to2026,,,,H3N2_3
A/SouthAustralia/2527003588/2025_H3N2,0.005473286097777255,1.416315268911166,21.24472903366749,PX422923_K223Q_V239I,circulating_2025to2026,,,,H3N2_4
A/Queensland/2526516675/2025_H3N2,0.002599396044036583,3.10428728082582,46.5643092123873,PX422923_V104I_I230T,circulating_2025to2026,,,,H3N2_5
A/SouthAustralia/2527902708/2025_H3N2,0.005288590348804447,1.6044791344319491,24.067187016479238,PX422923_S112C_K223Q_V239I,circulating_2025to2026,,,,H3N2_6
A/Bangkok/P2572/2025_H3N2,0.006209908404045502,1.5007431532363393,22.51114729854509,PX422972_S295T,circulating_2025to2026,,,,H3N2_7
A/DistritoFederal/250106000728/2025_H3N2,0.004076357042724612,2.313873569207219,34.70810353810829,PV721449,circulating_2025to2026,,,,H3N2_8
A/Malaysia/IMR/SARI/2517/2025_H3N2,0.004949362077995709,1.7985550666976724,26.978326000465085,PX422923_F95V,circulating_2025to2026,,,,H3N2_9
A/Norway/8976/2025_H3N2,0.005316938596658018,1.5110895909621018,22.66634386443153,PX422923_I83M,circulating_2025to2026,,,,H3N2_10
A/NewSouthWales/2526015584/2025_H3N2,0.0018989004682646552,4.5332991379087755,67.99948706863164,PX422923_F190S,circulating_2025to2026,,,,H3N2_11
A/Tasmania/2521815682/2025_H3N2,0.0038944269764692257,2.0223880412696893,30.33582061904534,PX422988_K18R,circulating_2025to2026,,,,H3N2_12
A/SouthAustralia/2524408801/2025_H3N2,0.007194837161787254,1.268354275093934,19.02531412640901,PX422923_P71S,circulating_2025to2026,,,,H3N2_13
A/Bangkok/P3263/2025_H3N2,0.002758768510628,3.529888821270399,52.948332319055986,PX422972_S112G,circulating_2025to2026,,,,H3N2_14
A/California/61/2025_H3N2,0.005011935649477372,2.066383663123106,30.99575494684659,PX467772,circulating_2025to2026,,,,H3N2_15
A/Vermont/73/2025_H3N2,0.005420219560636729,1.6076560575920291,24.11484086388044,PX422988_I258M,circulating_2025to2026,,,,H3N2_16
A/Bhutan/7/2025_H3N2,0.011815687989504234,0.7343492485387229,11.015238728080842,PX103359,circulating_2025to2026,,,,H3N2_17
A/Anapolis/LEIAL6543/2025_H3N2,0.004452144181954266,1.98657035117868,29.7985552676802,PP535496_K205R,circulating_2025to2026,,,,H3N2_18
A/Galicia/GA-CHUAC-451/2025_H3N2,0.017282059880487935,0.519751346783323,7.796270201749845,PV887270,circulating_2025to2026,,,,H3N2_19
A/Guangdong-Maonan/11438/2025_H3N2,0.013890295737910077,0.6498830835409137,9.748246253113706,PV538018_A320T,circulating_2025to2026,,,,H3N2_20
A/Alaska/63/2025_H3N2,0.0037690205507511423,2.0864864678550035,31.297297017825052,PV249498,circulating_2025to2026,,,,H3N2_21
A/Malaysia/IMR/SARI/2406/2025_H3N2,0.005122822240928993,1.7480558682762701,26.22083802414405,PX422923_K151E,circulating_2025to2026,,,,H3N2_22
A/England/174/2025_H3N2,0.016054010326367846,0.532904398176059,7.9935659726408845,PV538018,circulating_2025to2026,,,,H3N2_23
A/Arica/59150/2025_H3N2,0.0006212414804008166,10.572262991289861,158.58394486934793,PX268912,circulating_2025to2026,,,,H3N2_24
A/Bangkok/P2391/2025_H3N2,0.025960772247756773,0.3452192359432836,5.1782885391492535,PX462976_A307D,circulating_2025to2026,,,,H3N2_25
A/Peru/GIHSN-04-1089/2025_H3N2,0.024048907641754203,0.3714396075097472,5.571594112646208,PV887270_G94S,circulating_2025to2026,,,,H3N2_26
A/Indonesia/BIOKES-I-BT074/2025_H3N2,0.005985974531519276,1.4447365474380598,21.6710482115709,PX445267,circulating_2025to2026,,,,H3N2_27
A/Bangkok/P2323/2025_H3N2,0.0031477790703503257,2.7593804210011506,41.390706315017255,PX422988,circulating_2025to2026,,,,H3N2_28
A/Minnesota/96/2025_H3N2,0.008899880557077642,0.9701698332915488,14.552547499373233,PX400138_S161N,circulating_2025to2026,,,,H3N2_29
A/England/1837737/2025_H3N2,0.018673630425275575,0.47961380144807064,7.194207021721059,PX462976_S215P_A307D,circulating_2025to2026,,,,H3N2_30
A/Bhutan/1267/2025_H3N2,0.007849698972721725,1.1021058112902336,16.531587169353504,PX422896_S8G_I239V,circulating_2025to2026,,,,H3N2_31
A/Ghana/FS-25-7077/2025_H3N2,0.011011911449753595,0.7723944245594447,11.585916368391672,PX422923_R277L_A388T,circulating_2025to2026,,,,H3N2_32
A/Belgium/H0097/2025_H3N2,0.006221748983179463,1.3298620065512334,19.9479300982685,PX422923_N18K_R205K,circulating_2025to2026,,,,H3N2_33
A/HongKong/1382/2025_H3N2,0.004545831684006921,1.8991190920222765,28.48678638033415,PX422972_S161N_R315K,circulating_2025to2026,,,,H3N2_34
A/SouthAustralia/2527213276/2025_H3N2,0.006381294304940719,1.3731477604833913,20.59721640725087,PX422923_Q96K_V422I,circulating_2025to2026,,,,H3N2_35
A/Indonesia/BIOKES-INAD491/2025_H3N2,0.007366828055776906,1.2056975856540144,18.085463784810216,PV584644_S160G_S416A,circulating_2025to2026,,,,H3N2_36
A/Malaysia/IMR/SARI/2028/2025_H3N2,0.0024554941151457427,3.4266847437077907,51.40027115561686,PX445195_E292D,circulating_2025to2026,,,,H3N2_37
A/Bangkok/P2921/2025_H3N2,0.005897299829391947,1.5015154115981983,22.522731173972975,PV885135,circulating_2025to2026,,,,H3N2_38
A/Bahia/3102/2025_H3N2,0.002119722947733782,4.693571365911209,70.40357048866814,PX268912_G21E_F369Y,circulating_2025to2026,,,,H3N2_39
A/DistrictOfColumbia/57/2025_H3N2,0.006751809361490288,1.311669057863325,19.675035867949873,PX422923_A3T_M184I,circulating_2025to2026,,,,H3N2_41
A/England/1837734/2025_H3N2,0.009476784686414793,0.9580524118077383,14.370786177116074,PX422923_P255S_I518L,circulating_2025to2026,,,,H3N2_42
A/Alagoas/4130/2025_H3N2,0.01018194735177237,0.8571022693094793,12.85653403964219,PP685422_N161S_I316V,circulating_2025to2026,,,,H3N2_43
A/Guangdong-Meijiang/11256/2025_H3N2,0.004503482167396404,1.9236237461477579,28.85435619221637,PV538018_I230T_E292G,circulating_2025to2026,,,,H3N2_44
A/DistritoFederal/2578578201/2025_H3N2,0.0075296576257651,1.2265131792482105,18.397697688723156,PX268912_N79D_Y249H_V325I,circulating_2025to2026,,,,H3N2_45
A/SouthAustralia/2523812314/2025_H3N2,0.0015091984878629742,5.567273002151781,83.50909503227672,PX422988_S8G_G78R_V95F_N160S,circulating_2025to2026,,,,H3N2_46
A/Darwin/1461/2025_H3N2,0.008998235148715946,0.9945996261363254,14.91899439204488,PV498778_R78K,circulating_2025to2026,,,,H3N2_47
A/HongKong/1257/2025_H3N2,0.016001721637491594,0.5527309807419765,8.290964711129647,PV893869_N79K_S161N_K223Q_A320T,circulating_2025to2026,,,,H3N2_48
A/Michigan/110/2025_H3N2,0.02454085345511556,0.3666963440868119,5.500445161302179,PX103325,circulating_2025to2026,,,,H3N2_49
A/SouthAustralia/2525607496/2025_H3N2,0.029810602590407576,0.27545746910330504,4.131862036549576,PX252676_T151A_I176M_I283V,circulating_2025to2026,,,,H3N2_50
A/Lao/820-2750/2025_H3N2,0.017256736598106545,0.5304508202246004,7.956762303369007,PV617044_Q73R_T151A,circulating_2025to2026,,,,H3N2_51
A/SouthAfrica/PET37604/2025_H3N2,0.004008424960977946,2.0863240723613234,31.294861085419853,PQ422645_P71T_N175S_S215T_G402E,circulating_2025to2026,,,,H3N2_52
A/SouthAfrica/PET37625/2025_H3N2,0.01307882714310161,0.6809517024520279,10.214275536780418,PQ422645_T144I_N175S_I176M_N398D_E406G,circulating_2025to2026,,,,H3N2_53
A/Guangxi-Daxin/1643/2025_H3N2,0.011655624102233461,0.7556604131074643,11.334906196611966,OZ273587_T26M,circulating_2025to2026,,,,H3N2_54
A/Croatia/10136RV/2023-egg_H3N2,0.0005569393572207654,16.57448504363797,248.61727565456957,PV262858_D202A,vaccine,J.2,2023.923,egg,
A/DistrictOfColumbia/27/2023_H3N2,0.004792150301027278,1.8245185770306809,27.367778655460214,,vaccine,J.2,2023.936,cell,
A/Hawaii/70/2019_H1N1,0.0005230597439323514,18.17822717660719,272.67340764910784,,vaccine,,,cell,
A/Massachusetts/18/2022_H3N2,0.00159078612802691,5.562940593074542,83.44410889611812,,vaccine,J,2022.422,cell,
A/Thailand/8/2022_H3N2,0.0008977233245580525,13.202314406233663,198.03471609350495,,vaccine,J,2022.997,egg,
A/Victoria/4897/2022_IVR-238_H1N1,0.0017622584565070464,4.522365826188247,67.83548739282371,,vaccine,D,2022.997,egg,
A/Wisconsin/588/2019_H1N1,0.00038261491843828813,25.044828529046082,375.67242793569125,,vaccine,,,cell,
A/Wisconsin/67/2022_H1N1,0.00047189461366005267,16.54415169947801,248.16227549217015,,vaccine,C.1.1,2022.815,cell,
