group,serum,virus,replicate,ic50,ic50_bound,midpoint,midpoint_bound,midpoint_bound_type,slope,top,bottom,r2,rmsd
human,seqneut25to26_sera_4009,A/Indonesia/BIOKES-I-BT074/2025_H3N2,plate16-ATTACAACCCAGACAA,0.025,lower,907.8,0.025,lower,9.997,0.7824,0,0,0.1427
human,seqneut25to26_sera_4009,A/Malaysia/IMR/SARI/2517/2025_H3N2,plate16-GTCCATAGTTTCGTGA,0.025,lower,1107,0.025,lower,9.998,0.8887,0,1.11e-16,0.1234
human,seqneut25to26_sera_4009,A/Norway/8765/2025_H3N2,plate16-ACCAGGTGGCAGTACA,0.025,lower,878.1,0.025,lower,9.997,0.9107,0,2.22e-16,0.1276
human,seqneut25to26_sera_4009,A/Malaysia/IMR/SARI/2406/2025_H3N2,plate16-AATCATACATGCTTCT,0.025,lower,1158,0.025,lower,9.998,0.8547,0,0,0.1437
human,seqneut25to26_sera_4009,A/DistritoFederal/2578578201/2025_H3N2,plate16-GAACGGAGATCTGTTG,0.025,lower,984,0.025,lower,9.998,0.8972,0,0,0.07664
human,seqneut25to26_sera_4009,A/SouthAustralia/2525607496/2025_H3N2,plate16-CAAATATAATGTCCTG,0.025,lower,1159,0.025,lower,9.999,0.8588,0,0,0.1191
human,seqneut25to26_sera_4009,A/SouthAustralia/2525607496/2025_H3N2,plate16-GTTGATTCGATCATAT,0.025,lower,1909,0.025,lower,10,0.7313,0,0,0.1304
human,seqneut25to26_sera_4009,A/Michigan/110/2025_H3N2,plate16-GACTTCTTCCGCTCTT,0.025,lower,956.6,0.025,lower,9.999,0.8899,0,0,0.1416
human,seqneut25to26_sera_4009,A/Tasmania/2521815682/2025_H3N2,plate16-GCATACTGGTTACATT,0.025,lower,1108,0.025,lower,9.999,0.8719,0,2.22e-16,0.1308
human,seqneut25to26_sera_4009,A/HongKong/1257/2025_H3N2,plate16-GTATAGAAATGGGTCA,0.025,lower,0.03409,0.025,lower,10,0.894,0,0.008751,0.1355
human,seqneut25to26_sera_4009,A/HongKong/1257/2025_H3N2,plate16-CACACCTCTCTCGCCG,0.025,lower,1109,0.025,lower,9.997,0.8237,0,2.22e-16,0.1436
human,seqneut25to26_sera_4009,A/Vermont/73/2025_H3N2,plate16-GATGACGCGACCTCCT,0.025,lower,0.0325,0.025,lower,10,0.8274,0,0.01537,0.1481
human,seqneut25to26_sera_4009,A/Vermont/73/2025_H3N2,plate16-GAGTGCCCAGGTGTTG,0.025,lower,0.332,0.025,lower,0.8,0.7325,0,0.03194,0.132
human,seqneut25to26_sera_4009,A/Galicia/GA-CHUAC-451/2025_H3N2,plate16-TAGCCTATAATCAAGT,0.025,lower,593.4,0.025,lower,9.993,0.8965,0,0,0.147
human,seqneut25to26_sera_4009,A/Galicia/GA-CHUAC-451/2025_H3N2,plate16-CATGTGGAGGGTCGAG,0.025,lower,1159,0.025,lower,9.999,0.8831,0,0,0.1499
human,seqneut25to26_sera_4009,A/SouthAustralia/2527003588/2025_H3N2,plate16-GTATCACGTCGTTTAC,0.025,lower,1159,0.025,lower,9.999,0.8633,0,-2.22e-16,0.08721
human,seqneut25to26_sera_4009,A/England/1837734/2025_H3N2,plate16-TCACACCGCTCAGCCT,0.025,lower,955.3,0.025,lower,9.997,0.9237,0,-2.22e-16,0.127
human,seqneut25to26_sera_4009,A/Ghana/FS-25-7077/2025_H3N2,plate16-TTTCGGGGCCCCAATG,0.025,lower,1108,0.025,lower,9.999,0.8898,0,0,0.1448
human,seqneut25to26_sera_4009,A/DistrictOfColumbia/27/2023_H3N2,plate16-GAATAATAGAACAGAG,0.025,lower,1794,0.025,lower,9.999,0.7921,0,0,0.1237
human,seqneut25to26_sera_4009,A/Massachusetts/18/2022_H3N2,plate16-CATTTCTGATGAATTG,0.025,lower,1766,0.025,lower,9.999,0.8795,0,0,0.13
human,seqneut25to26_sera_4009,A/Massachusetts/18/2022_H3N2,plate16-TCCACACCCCTAGCTA,0.025,lower,955.2,0.025,lower,9.997,0.9162,0,0,0.1232
human,seqneut25to26_sera_4009,A/Massachusetts/18/2022_H3N2,plate16-CGATCTTTACGAAAAA,0.025,lower,550.4,0.025,lower,9.979,0.9425,0,-1.11e-15,0.06708
human,seqneut25to26_sera_4009,A/Peru/GIHSN-04-1089/2025_H3N2,plate16-GATTGAGGGGTCCGGG,0.025,lower,1100,0.025,lower,9.997,0.8946,0,0,0.1122
human,seqneut25to26_sera_4009,A/DistrictOfColumbia/57/2025_H3N2,plate16-AGGAACATGTCCATAC,0.025,lower,542.9,0.025,lower,9.992,0.9287,0,-2.22e-16,0.1215
human,seqneut25to26_sera_4009,A/Croatia/10136RV/2023-egg_H3N2,plate16-GAAGTGCTGCTGAAGT,0.025,lower,549.7,0.025,lower,9.993,0.9472,0,-4.441e-16,0.1397
human,seqneut25to26_sera_4009,A/Croatia/10136RV/2023-egg_H3N2,plate16-GTCGCCGCTAATCCGA,0.01087,lower,440.9,0.01087,lower,9.998,0.9122,0,0,0.1321
human,seqneut25to26_sera_4009,A/Thailand/8/2022_H3N2,plate16-CGTACGTATGTCCCAG,0.025,lower,904.6,0.025,lower,9.997,0.946,0,0,0.08746
human,seqneut25to26_sera_4009,A/Guangdong-Maonan/11438/2025_H3N2,plate16-AAGACGAAGCGTTTGC,0.025,lower,0.02661,0.025,lower,10,0.7819,0,0.3625,0.1196
human,seqneut25to26_sera_4010,A/SouthAustralia/2527003588/2025_H3N2,plate16-ACGAGAAGCAGGGGGC,0.025,lower,1201,0.025,lower,9.999,0.7699,0,0,0.135
human,seqneut25to26_sera_4010,A/Vermont/73/2025_H3N2,plate16-GAGTGCCCAGGTGTTG,0.025,lower,1817,0.025,lower,9.999,0.777,0,0,0.1387
human,seqneut25to26_sera_4011,A/Ghana/FS-25-7077/2025_H3N2,plate16-CACATACAACACGACC,0.025,lower,2515,0.025,lower,10,0.7505,0,1.11e-16,0.1483
human,seqneut25to26_sera_4011,A/Ghana/FS-25-7077/2025_H3N2,plate16-TTTCGGGGCCCCAATG,0.025,lower,0.3084,0.025,lower,0.8,0.6944,0,0.03156,0.1304
human,seqneut25to26_sera_4013,A/SouthAustralia/2527612456/2025_H1N1,plate16-GAAGGACTTGGGGCTC,0.025,lower,1541,0.025,lower,9.999,0.7764,0,1.11e-16,0.1458
human,seqneut25to26_sera_4015,A/Vermont/73/2025_H3N2,plate16-GATGACGCGACCTCCT,0.025,lower,1738,0.025,lower,9.999,0.7132,0,2.22e-16,0.1318
human,seqneut25to26_sera_4015,A/Michigan/110/2025_H3N2,plate16-GACTTCTTCCGCTCTT,0.025,lower,2214,0.025,lower,10,0.73,0,1.11e-16,0.1209
human,seqneut25to26_sera_4015,A/England/1837737/2025_H3N2,plate16-ATTGGCTGTCGTGGCC,0.025,lower,1543,0.025,lower,10,0.7067,0,-2.22e-16,0.1404
human,seqneut25to26_sera_4016,A/SouthAustralia/2527612456/2025_H1N1,plate16-GAAAGACCGATGCCAG,0.025,lower,8311,0.025,lower,10,0.7884,0,0,0.1302
human,seqneut25to26_sera_4017,A/Wisconsin/588/2019_H1N1,plate16-GAAGAAACTATAACCA,0.025,lower,0.9797,0.025,lower,0.8,0.9199,0,0.02478,0.09158
human,seqneut25to26_sera_4017,A/Wisconsin/588/2019_H1N1,plate16-TATATTAGTAACATAA,0.025,lower,1766,0.025,lower,9.998,0.8016,0,-2.22e-16,0.09214
human,seqneut25to26_sera_4017,A/Wisconsin/588/2019_H1N1,plate16-AGTCCTATCCTCAAAT,0.025,lower,602.3,0.025,lower,9.989,0.9157,0,-2.22e-16,0.101
human,seqneut25to26_sera_4017,A/Arica/59150/2025_H3N2,plate16-AGAACGGCTTGACACT,0.025,lower,956.4,0.025,lower,9.998,0.8948,0,1.11e-16,0.1286
human,seqneut25to26_sera_4017,A/Arica/59150/2025_H3N2,plate16-TGCGATGCATAGTTCG,0.025,lower,0.1882,0.025,lower,0.8,0.8792,0,0.1843,0.09641
human,seqneut25to26_sera_4017,A/Hawaii/70/2019_H1N1,plate16-TGGAATCGTCACCGAT,0.025,lower,0.144,0.025,lower,2.331,0.8649,0,0.009743,0.04971
human,seqneut25to26_sera_4017,A/Hawaii/70/2019_H1N1,plate16-ATAGAATCGCAAATTA,0.025,lower,0.2495,0.025,lower,0.8,0.9732,0,0.5785,0.03702
human,seqneut25to26_sera_4017,A/Hawaii/70/2019_H1N1,plate16-AGTAAACATGCATTGG,0.025,lower,267.6,0.025,lower,9.893,0.9881,0,0,0.01874
human,seqneut25to26_sera_4017,A/NewSouthWales/2526015584/2025_H3N2,plate16-TTACCTTAAATCAAAG,0.025,lower,1007,0.025,lower,9.996,0.8496,0,1.11e-16,0.08055
human,seqneut25to26_sera_4017,A/NewSouthWales/2526015584/2025_H3N2,plate16-TGTCGGGGTACGGGAC,0.025,lower,0.0332,0.025,lower,10,0.9479,0,0.09028,0.05833
human,seqneut25to26_sera_4017,A/France/ARA-HCL025155099501/2025_H1N1,plate16-ATTAACCAATTGAGCA,0.025,lower,0.5167,0.025,lower,0.8,0.9172,0,0.1402,0.05946
human,seqneut25to26_sera_4017,A/Wisconsin/67/2022_H1N1,plate16-AGGAAAGAAACTGGAG,0.025,lower,551.7,0.025,lower,9.987,0.9214,0,-1.554e-15,0.05825
human,seqneut25to26_sera_4017,A/Wisconsin/67/2022_H1N1,plate16-CTGAACTTGTCGATAT,0.025,lower,956.3,0.025,lower,9.998,0.9236,0,-2.22e-16,0.06503
human,seqneut25to26_sera_4017,A/Wisconsin/67/2022_H1N1,plate16-AAAGCTCTTTTCGTTC,0.025,lower,881.2,0.025,lower,9.995,0.9246,0,0,0.08678
human,seqneut25to26_sera_4017,A/Ghana/ARI-25-1125/2025_H1N1,plate16-GACGGACTATCAACGA,0.025,lower,0.2335,0.025,lower,0.8,0.9313,0,0.2831,0.06991
human,seqneut25to26_sera_4017,A/Ghana/ARI-25-1125/2025_H1N1,plate16-CCGTTAGGGATTCCTC,0.025,lower,551.7,0.025,lower,9.984,0.9587,0,-3.775e-15,0.07403
human,seqneut25to26_sera_4017,A/Queensland/2526516675/2025_H3N2,plate16-ATCATAGCACTAAAAT,0.025,lower,1083,0.025,lower,9.996,0.8755,0,2.22e-16,0.06871
human,seqneut25to26_sera_4017,A/Queensland/2526516675/2025_H3N2,plate16-ACATCCGCCCTTCGGT,0.025,lower,0.2623,0.025,lower,0.8,0.9051,0,0.1854,0.08222
human,seqneut25to26_sera_4017,A/Zacapa/FLU-261/2025_H1N1,plate16-CTCGCGGGTATATAGA,0.025,lower,463.4,0.025,lower,9.947,0.9652,0,-2.909e-14,0.05109
human,seqneut25to26_sera_4017,A/Zacapa/FLU-261/2025_H1N1,plate16-CTTGAACCAGCAGTGT,0.025,lower,1.47,0.025,lower,0.8,0.9621,0,0.04914,0.05164
human,seqneut25to26_sera_4017,A/Hawaii/44/2025_H1N1,plate16-TGATATCTGGAATCTG,0.025,lower,593.4,0.025,lower,9.993,0.9049,0,-2.22e-16,0.08956
human,seqneut25to26_sera_4017,A/Hawaii/44/2025_H1N1,plate16-TAGATTTGTCCGTACA,0.025,lower,0.03011,0.025,lower,10,0.9428,0,0.5228,0.04247
human,seqneut25to26_sera_4017,A/California/61/2025_H3N2,plate16-CCAGGATCTATCCTTC,0.025,lower,956.7,0.025,lower,9.994,0.9109,0,1.11e-16,0.0943
human,seqneut25to26_sera_4017,A/California/61/2025_H3N2,plate16-AGAGGCCGGACGTAAA,0.025,lower,1267,0.025,lower,9.999,0.8673,0,-2.22e-16,0.1051
human,seqneut25to26_sera_4017,A/Aragon/2046/2025_H1N1,plate16-GTACACTCTTTCAATT,0.025,lower,1794,0.025,lower,9.999,0.7972,0,-2.22e-16,0.07993
human,seqneut25to26_sera_4017,A/Aragon/2046/2025_H1N1,plate16-TCGATTTCTAAATTCC,0.025,lower,1108,0.025,lower,9.999,0.8431,0,-2.22e-16,0.1106
human,seqneut25to26_sera_4017,A/Bhutan/7/2025_H3N2,plate16-ATGCGTTTATCGATTT,0.025,lower,1159,0.025,lower,9.999,0.888,0,0,0.09562
human,seqneut25to26_sera_4017,A/Bhutan/7/2025_H3N2,plate16-AGCAGTCCCGCTAGTC,0.025,lower,0.03142,0.025,lower,10,0.9106,0,0.08371,0.09731
human,seqneut25to26_sera_4017,A/SouthAustralia/2520702747/2025_H1N1,plate16-GCGTAGTTTGATTCAT,0.025,lower,984,0.025,lower,9.998,0.8787,0,0,0.09095
human,seqneut25to26_sera_4017,A/SouthAustralia/2520702747/2025_H1N1,plate16-TCGTGCTGTCATGCAG,0.025,lower,658.4,0.025,lower,9.991,0.9644,0,-1.776e-15,0.07321
human,seqneut25to26_sera_4017,A/DistrictOfColumbia/57/2025_H3N2,plate16-ACATTTAGCGGACCGT,0.025,lower,1159,0.025,lower,9.999,0.8347,0,0,0.1007
human,seqneut25to26_sera_4017,A/DistrictOfColumbia/57/2025_H3N2,plate16-AGGAACATGTCCATAC,0.025,lower,0.05023,0.025,lower,1.945,0.8761,0,0.2625,0.102
human,seqneut25to26_sera_4017,A/Indonesia/BIOKES-I-BT074/2025_H3N2,plate16-ATTACAACCCAGACAA,0.025,lower,1083,0.025,lower,9.997,0.7971,0,-2.22e-16,0.133
human,seqneut25to26_sera_4017,A/Indonesia/BIOKES-I-BT074/2025_H3N2,plate16-CATCGACAGGTCCCAC,0.025,lower,1565,0.025,lower,9.993,0.8894,0,2.22e-16,0.1016
human,seqneut25to26_sera_4017,A/Malaysia/IMR/SARI/2406/2025_H3N2,plate16-CCTACGCTCGTATCCC,0.025,lower,1159,0.025,lower,9.999,0.8672,0,-2.22e-16,0.09452
human,seqneut25to26_sera_4017,A/Malaysia/IMR/SARI/2406/2025_H3N2,plate16-AATCATACATGCTTCT,0.025,lower,1172,0.025,lower,9.999,0.7455,0,-2.22e-16,0.07505
human,seqneut25to26_sera_4017,A/Andalucia/PMC-00977/2025_H1N1,plate16-AGAAAAGATAGGAAAG,0.025,lower,881.5,0.025,lower,9.982,0.9404,0,-2.22e-16,0.05363
human,seqneut25to26_sera_4017,A/Andalucia/PMC-00977/2025_H1N1,plate16-CCTCTGTGTACTAATT,0.025,lower,0.1448,0.025,lower,1.409,0.8876,0,0.3015,0.03543
human,seqneut25to26_sera_4017,A/Bangkok/1803/2025_H1N1,plate16-TTTCCAGGGCTTCCCG,0.025,lower,601.6,0.025,lower,9.985,0.9334,0,-6.661e-16,0.07474
human,seqneut25to26_sera_4017,A/Bangkok/1803/2025_H1N1,plate16-GTCGTCCGTAAGTTCA,0.025,lower,551.8,0.025,lower,9.989,0.927,0,-1.776e-15,0.05649
human,seqneut25to26_sera_4017,A/CoteDIvoire/2007/2025_H1N1,plate16-AAGACCTAGTTTGAAC,0.025,lower,1792,0.025,lower,9.998,0.8562,0,0,0.077
human,seqneut25to26_sera_4017,A/CoteDIvoire/2007/2025_H1N1,plate16-GCTCAGTCGCCACGTT,0.025,lower,0.06542,0.025,lower,2.254,0.9108,0,0.1681,0.0712
human,seqneut25to26_sera_4017,A/Guangxi-Qingxiu/SWL11742/2025_H1N1,plate16-GTCTTGTCGATTGGTA,0.025,lower,551.7,0.025,lower,9.983,0.9542,0,-7.772e-15,0.04533
human,seqneut25to26_sera_4017,A/Guangxi-Qingxiu/SWL11742/2025_H1N1,plate16-TGTCGGTGCGCCGCTT,0.025,lower,1.192,0.025,lower,0.8,0.8482,0,0.02973,0.06882
human,seqneut25to26_sera_4017,A/Bahia/3102/2025_H3N2,plate16-TGAGTGTCCAGGTACT,0.025,lower,982.3,0.025,lower,9.996,0.8814,0,-2.22e-16,0.1163
human,seqneut25to26_sera_4017,A/Bahia/3102/2025_H3N2,plate16-GAACCTACAAGCAGTC,0.025,lower,600.8,0.025,lower,9.994,0.9422,0,-1.332e-15,0.068
human,seqneut25to26_sera_4017,A/Bangkok/P3263/2025_H3N2,plate16-TATGCTAAGACTTTTT,0.025,lower,0.09248,0.025,lower,1.898,0.8721,0,0.07404,0.08085
human,seqneut25to26_sera_4017,A/Bangkok/P3263/2025_H3N2,plate16-CTGCCGCCTGCTGTGT,0.025,lower,0.3688,0.025,lower,0.8,1,0,0.9159,0.01119
human,seqneut25to26_sera_4017,A/Norway/8765/2025_H3N2,plate16-ACCAGGTGGCAGTACA,0.025,lower,1159,0.025,lower,9.999,0.8597,0,0,0.09855
human,seqneut25to26_sera_4017,A/Norway/8765/2025_H3N2,plate16-ATTGCAACGCCGGTGT,0.025,lower,0.03101,0.025,lower,10,0.8414,0,0.1048,0.08939
human,seqneut25to26_sera_4017,A/Michigan/110/2025_H3N2,plate16-GACTTCTTCCGCTCTT,0.025,lower,955.1,0.025,lower,9.998,0.8851,0,0,0.07845
human,seqneut25to26_sera_4017,A/Michigan/110/2025_H3N2,plate16-GCTCCTGGTCATATAT,0.025,lower,1020,0.025,lower,9.999,0.8387,0,0,0.09089
human,seqneut25to26_sera_4017,A/NewSouthWales/2526015582/2025_H3N2,plate16-TTTGCTACAAGTGAGC,0.025,lower,0.3006,0.025,lower,1.085,0.8358,0,0.585,0.01492
human,seqneut25to26_sera_4017,A/NewSouthWales/2526015582/2025_H3N2,plate16-CGAAGATGAGCCCTCG,0.025,lower,0.3754,0.025,lower,0.8,0.8364,0,0.1501,0.0651
human,seqneut25to26_sera_4017,A/HongKong/1382/2025_H3N2,plate16-AGGACCTAAATGAAGT,0.025,lower,1159,0.025,lower,9.999,0.8392,0,0,0.1013
human,seqneut25to26_sera_4017,A/HongKong/1382/2025_H3N2,plate16-GCAGCTTGAATGATGT,0.025,lower,1158,0.025,lower,9.998,0.8615,0,-2.22e-16,0.1006
human,seqneut25to26_sera_4017,A/Alagoas/3579/2025_H1N1,plate16-GTCACAGTCATCGTGT,0.025,lower,954.6,0.025,lower,9.989,0.896,0,0,0.09204
human,seqneut25to26_sera_4017,A/Alagoas/3579/2025_H1N1,plate16-ACGGCATCCCAATTGA,0.025,lower,0.3382,0.025,lower,0.8,0.9415,0,0.2546,0.057
human,seqneut25to26_sera_4017,A/Bangkok/P2921/2025_H3N2,plate16-ATTTCATGAGATAGGG,0.025,lower,957.2,0.025,lower,9.985,0.8874,0,1.11e-16,0.09287
human,seqneut25to26_sera_4017,A/Bangkok/P2921/2025_H3N2,plate16-GAGATAAAAGAGCTCT,0.025,lower,2172,0.025,lower,10,0.7493,0,0,0.1371
human,seqneut25to26_sera_4017,A/SouthAustralia/2523812314/2025_H3N2,plate16-GCGGACAGCGGTTATC,0.025,lower,1809,0.025,lower,9.999,0.813,0,-2.22e-16,0.09037
human,seqneut25to26_sera_4017,A/SouthAustralia/2523812314/2025_H3N2,plate16-TTTACTCGATCCTCGC,0.025,lower,2362,0.025,lower,10,0.7017,0,0,0.1448
human,seqneut25to26_sera_4017,A/Malaysia/IMR/SARI/2517/2025_H3N2,plate16-GTCCATAGTTTCGTGA,0.025,lower,1137,0.025,lower,9.999,0.8179,0,1.11e-16,0.1168
human,seqneut25to26_sera_4017,A/Malaysia/IMR/SARI/2517/2025_H3N2,plate16-GATGCCCCTTGGCTCT,0.025,lower,0.1599,0.025,lower,0.8,0.9047,0,0.2113,0.1019
human,seqneut25to26_sera_4017,A/SouthAustralia/2527213276/2025_H3N2,plate16-GCTGATAAACAATCTA,0.025,lower,0.5609,0.025,lower,0.8,0.7924,0,0.05676,0.07792
human,seqneut25to26_sera_4017,A/SouthAustralia/2527213276/2025_H3N2,plate16-TTTTCTGACGATGCAG,0.025,lower,0.02842,0.025,lower,10,0.7951,0,0.185,0.1268
human,seqneut25to26_sera_4017,A/BritishColumbia/PHL-2473/2025_H1N1,plate16-TCGCGGATTAAACCAT,0.025,lower,550.1,0.025,lower,9.993,0.9473,0,-3.775e-15,0.05664
human,seqneut25to26_sera_4017,A/BritishColumbia/PHL-2473/2025_H1N1,plate16-CCTAGCCGGAAACATG,0.025,lower,1.224,0.025,lower,0.8,0.9388,0,0.05232,0.05437
human,seqneut25to26_sera_4017,A/England/1837737/2025_H3N2,plate16-TACACTCAAACGATGC,0.025,lower,1159,0.025,lower,9.999,0.8712,0,0,0.1229
human,seqneut25to26_sera_4017,A/England/1837737/2025_H3N2,plate16-ATTGGCTGTCGTGGCC,0.025,lower,0.02602,0.025,lower,10,0.8826,0,0.662,0.08866
human,seqneut25to26_sera_4017,A/SouthAustralia/2524712956/2025_H1N1,plate16-TTTTCGATAATAATCT,0.025,lower,440,0.025,lower,9.981,0.9654,0,-2.753e-14,0.06174
human,seqneut25to26_sera_4017,A/SouthAustralia/2524712956/2025_H1N1,plate16-GCCCACGTTTAACTTT,0.025,lower,1794,0.025,lower,9.999,0.8702,0,-2.22e-16,0.06677
human,seqneut25to26_sera_4017,A/Canberra/465/2025_H1N1,plate16-GAATCTCCCGCGTATA,0.025,lower,680.2,0.025,lower,9.688,0.8754,0,0,0.06387
human,seqneut25to26_sera_4017,A/Canberra/465/2025_H1N1,plate16-TGTGCGAAGTTGATGT,0.025,lower,577,0.025,lower,9.988,0.9148,0,-6.661e-16,0.1013
human,seqneut25to26_sera_4017,A/Guangxi-Daxin/1643/2025_H3N2,plate16-GAACACAATTACTTAG,0.025,lower,957,0.025,lower,9.996,0.9,0,0,0.08894
human,seqneut25to26_sera_4017,A/Guangxi-Daxin/1643/2025_H3N2,plate16-CCATACCACGCCCTGT,0.025,lower,0.08892,0.025,lower,2.956,0.9612,0,0.01427,0.06334
human,seqneut25to26_sera_4017,A/Bhutan/1267/2025_H3N2,plate16-TAAAAGCTCCCATTAC,0.025,lower,1158,0.025,lower,9.998,0.8429,0,0,0.1003
human,seqneut25to26_sera_4017,A/Bhutan/1267/2025_H3N2,plate16-CTGAGTATGGGGCTCA,0.025,lower,1818,0.025,lower,9.999,0.8244,0,0,0.1161
human,seqneut25to26_sera_4017,A/Bangkok/P2391/2025_H3N2,plate16-CGGGTCCTAGGCGAGG,0.025,lower,0.09537,0.025,lower,0.8,0.9046,0,0.2268,0.1345
human,seqneut25to26_sera_4017,A/Bangkok/P2391/2025_H3N2,plate16-TCGGAGAGCGATCCGC,0.025,lower,1100,0.025,lower,9.997,0.8492,0,-2.22e-16,0.04423
human,seqneut25to26_sera_4017,A/SouthAfrica/PET37625/2025_H3N2,plate16-GTATTGAATGTCCGGC,0.025,lower,1186,0.025,lower,9.999,0.8386,0,0,0.144
human,seqneut25to26_sera_4017,A/SouthAfrica/PET37625/2025_H3N2,plate16-TTTGGTGAGGCCCAAT,0.025,lower,0.08834,0.025,lower,1.158,0.8701,0,0.1607,0.1252
human,seqneut25to26_sera_4017,A/Anapolis/LEIAL6543/2025_H3N2,plate16-AAATATTGAGACTAAT,0.025,lower,1615,0.025,lower,9.999,0.8404,0,0,0.1102
human,seqneut25to26_sera_4017,A/Anapolis/LEIAL6543/2025_H3N2,plate16-AACACTCAATACCGGT,0.025,lower,0.03031,0.025,lower,10,0.7854,0,0.05848,0.1403
human,seqneut25to26_sera_4017,A/Norway/9107/2025_H1N1,plate16-TCTGTAGCTCCCTCAC,0.025,lower,552.1,0.025,lower,9.99,0.942,0,-4.885e-15,0.04483
human,seqneut25to26_sera_4017,A/Norway/9107/2025_H1N1,plate16-ACTTTCCTCCCATGCG,0.025,lower,0.7642,0.025,lower,0.8,0.9378,0,0.09268,0.0571
human,seqneut25to26_sera_4017,A/HongKong/1257/2025_H3N2,plate16-GTATAGAAATGGGTCA,0.025,lower,1765,0.025,lower,9.998,0.8325,0,0,0.147
human,seqneut25to26_sera_4017,A/HongKong/1257/2025_H3N2,plate16-CACACCTCTCTCGCCG,0.025,lower,676.1,0.025,lower,9.843,0.8765,0,0,0.1107
human,seqneut25to26_sera_4017,A/Philippines/SARI25-1425/2025_H1N1,plate16-TGATGCCGTCAGCCTT,0.025,lower,0.5778,0.025,lower,0.8,0.9565,0,0.287,0.03735
human,seqneut25to26_sera_4017,A/Philippines/SARI25-1425/2025_H1N1,plate16-CCGTGTGTTGTGCGCA,0.025,lower,550.3,0.025,lower,9.994,0.9328,0,-6.661e-16,0.08897
human,seqneut25to26_sera_4017,A/SouthAustralia/2527612456/2025_H1N1,plate16-GAAAGACCGATGCCAG,0.025,lower,1201,0.025,lower,9.998,0.8409,0,-2.22e-16,0.1038
human,seqneut25to26_sera_4017,A/SouthAustralia/2527612456/2025_H1N1,plate16-GAAGGACTTGGGGCTC,0.025,lower,0.1072,0.025,lower,0.8,0.9095,0,0.4637,0.07565
human,seqneut25to26_sera_4017,A/England/174/2025_H3N2,plate16-CCTTATGAATTACGCG,0.025,lower,998.4,0.025,lower,9.997,0.8705,0,0,0.09007
human,seqneut25to26_sera_4017,A/Peru/GIHSN-04-1089/2025_H3N2,plate16-TTTAGCCGGCTGTAAC,0.025,lower,0.1188,0.025,lower,0.8,0.9175,0,0.3192,0.09243
human,seqneut25to26_sera_4017,A/Peru/GIHSN-04-1089/2025_H3N2,plate16-GATTGAGGGGTCCGGG,0.025,lower,1767,0.025,lower,9.999,0.8157,0,0,0.142
human,seqneut25to26_sera_4017,A/Minnesota/96/2025_H3N2,plate16-AACTCCCATGGGGCAG,0.025,lower,0.1288,0.025,lower,0.9884,0.9239,0,0.7145,0.03261
human,seqneut25to26_sera_4017,A/Malaysia/IMR/SARI/2028/2025_H3N2,plate16-GCCAGCCGAAAGCCGT,0.025,lower,547.8,0.025,lower,9.959,0.9606,0,-7.55e-15,0.05506
human,seqneut25to26_sera_4017,A/Malaysia/IMR/SARI/2028/2025_H3N2,plate16-GCGGCGCCCGGTTGAT,0.025,lower,0.02926,0.025,lower,10,0.8917,0,0.2234,0.09985
human,seqneut25to26_sera_4017,A/DistritoFederal/250106000728/2025_H3N2,plate16-GATCGGAATAACCGTA,0.025,lower,897.3,0.025,lower,9.996,0.9071,0,1.11e-16,0.09023
human,seqneut25to26_sera_4017,A/DistritoFederal/250106000728/2025_H3N2,plate16-ATCGCAAGTACCAGTT,0.025,lower,0.03362,0.025,lower,2.481,0.7648,0,0.4829,0.08738
human,seqneut25to26_sera_4017,A/Catalonia/NSVH102689455/2025_H1N1,plate16-GCAGAAAGAGGTAATA,0.025,lower,1552,0.025,lower,9.997,0.9733,0,3.331e-16,0.04221
human,seqneut25to26_sera_4017,A/Catalonia/NSVH102689455/2025_H1N1,plate16-TGTCTGCGCTTAAGTT,0.025,lower,0.1307,0.025,lower,1.387,0.9232,0,0.1127,0.08002
human,seqneut25to26_sera_4017,A/Norway/9556/2025_H1N1,plate16-TAACCGGTCAGATGTT,0.025,lower,904.2,0.025,lower,9.988,0.9136,0,-2.22e-16,0.05474
human,seqneut25to26_sera_4017,A/Norway/9556/2025_H1N1,plate16-TATCCGGGTCTGATGC,0.025,lower,1766,0.025,lower,9.993,0.8185,0,1.11e-16,0.05597
human,seqneut25to26_sera_4017,A/Bangkok/P3067/2025_H1N1,plate16-GTTGACTGCCTTTCTT,0.025,lower,980,0.025,lower,9.989,0.8992,0,0,0.06536
human,seqneut25to26_sera_4017,A/Bangkok/P3067/2025_H1N1,plate16-CGAACATGGGAACTAA,0.025,lower,1159,0.025,lower,9.999,0.8552,0,0,0.06994
human,seqneut25to26_sera_4017,A/SouthAfrica/PET37604/2025_H3N2,plate16-ATCAAGGACCCTGGGC,0.025,lower,1108,0.025,lower,9.987,0.8191,0,2.22e-16,0.1069
human,seqneut25to26_sera_4017,A/SouthAfrica/PET37604/2025_H3N2,plate16-CGACGCGCCGTCGCTG,0.025,lower,551.3,0.025,lower,9.995,0.936,0,-6.661e-16,0.1125
human,seqneut25to26_sera_4017,A/Bangkok/P2572/2025_H3N2,plate16-CGTACTAATCACTCCG,0.025,lower,881.1,0.025,lower,9.995,0.9145,0,0,0.08036
human,seqneut25to26_sera_4017,A/Bangkok/P2572/2025_H3N2,plate16-TAGATAACTCGCTAGG,0.025,lower,0.09279,0.025,lower,1.518,0.8279,0,0.07678,0.1152
human,seqneut25to26_sera_4017,A/Bangkok/P2229/2025_H1N1,plate16-AAGCGACGCGCGACGG,0.025,lower,0.07407,0.025,lower,1.576,0.8495,0,0.6264,0.03414
human,seqneut25to26_sera_4017,A/Bangkok/P2229/2025_H1N1,plate16-GCTTGTTAGCCTGAAG,0.025,lower,0.8315,0.025,lower,0.8,0.8651,0,0.06293,0.06179
human,seqneut25to26_sera_4017,A/England/1822256/2025_H1N1,plate16-TACGATACTCGGAAGG,0.025,lower,550.2,0.025,lower,9.979,0.9203,0,-3.553e-15,0.03751
human,seqneut25to26_sera_4017,A/England/1822256/2025_H1N1,plate16-CTTTTCCGTGTCCTCT,0.025,lower,880.9,0.025,lower,9.994,0.9077,0,0,0.09365
human,seqneut25to26_sera_4017,A/SouthAustralia/2523012764/2025_H1N1,plate16-TTCGACAAGTATACGT,0.025,lower,1791,0.025,lower,9.999,0.8603,0,1.11e-16,0.1271
human,seqneut25to26_sera_4017,A/SouthAustralia/2523012764/2025_H1N1,plate16-ATGCCGGGCCGTTACT,0.025,lower,552.7,0.025,lower,9.662,0.924,0,-6.661e-16,0.0965
human,seqneut25to26_sera_4017,A/Denmark/3070/2025_H1N1,plate16-TCTGTGCGAGCATCGG,0.025,lower,600.7,0.025,lower,9.981,0.9358,0,-1.332e-15,0.05665
human,seqneut25to26_sera_4017,A/Denmark/3070/2025_H1N1,plate16-ATGAGCTAAACATGAT,0.025,lower,1.11,0.025,lower,0.8,0.9651,0,0.04658,0.06451
human,seqneut25to26_sera_4017,A/Vermont/73/2025_H3N2,plate16-GATGACGCGACCTCCT,0.025,lower,1159,0.025,lower,9.994,0.7481,0,1.11e-16,0.05977
human,seqneut25to26_sera_4017,A/Canberra/530/2025_H1N1,plate16-ATCTTGTATGATATGT,0.025,lower,897.1,0.025,lower,9.996,0.9002,0,0,0.07623
human,seqneut25to26_sera_4017,A/Canberra/530/2025_H1N1,plate16-ATCTCGGCCGGCCAAT,0.025,lower,551.7,0.025,lower,9.986,0.9472,0,-5.551e-15,0.04671
human,seqneut25to26_sera_4017,A/Bangkok/P2323/2025_H3N2,plate16-AGGCGGACTAACTGCA,0.025,lower,0.03487,0.025,lower,10,0.867,0,0.02873,0.06112
human,seqneut25to26_sera_4017,A/Bangkok/P2323/2025_H3N2,plate16-AAGCGCTTCCCAGCCA,0.025,lower,0.2735,0.025,lower,0.8,0.9314,0,0.1502,0.08669
human,seqneut25to26_sera_4017,A/Guangdong-Meijiang/11256/2025_H3N2,plate16-CGTTGCATGTAGCAGG,0.025,lower,2119,0.025,lower,9.997,0.8671,0,0,0.09779
human,seqneut25to26_sera_4017,A/Guangdong-Meijiang/11256/2025_H3N2,plate16-TCCCTTCTTCGCAACT,0.025,lower,1766,0.025,lower,9.999,0.847,0,-2.22e-16,0.1334
human,seqneut25to26_sera_4017,A/DistritoFederal/2578578201/2025_H3N2,plate16-GAACGGAGATCTGTTG,0.025,lower,1186,0.025,lower,9.999,0.8653,0,0,0.0913
human,seqneut25to26_sera_4017,A/DistritoFederal/2578578201/2025_H3N2,plate16-GCCAACTTTCACTTGG,0.025,lower,356.8,0.025,lower,1.5,0.9059,0,-1.99e-08,0.06948
human,seqneut25to26_sera_4017,A/England/1837734/2025_H3N2,plate16-ATAGCCCTAACGAAAG,0.025,lower,0.9352,0.025,lower,0.8,0.6687,0,0.0163,0.08732
human,seqneut25to26_sera_4017,A/Victoria/4897/2022_IVR-238_H1N1,plate16-AAGTTAAGAGAAAGTT,0.025,lower,1100,0.025,lower,9.997,0.8392,0,0,0.06314
human,seqneut25to26_sera_4017,A/Victoria/4897/2022_IVR-238_H1N1,plate16-AGAGCTAAAAAGAGGA,0.025,lower,1794,0.025,lower,9.999,0.817,0,0,0.115
human,seqneut25to26_sera_4017,A/Victoria/4897/2022_IVR-238_H1N1,plate16-AATCCGAAATTTATTC,0.025,lower,0.1216,0.025,lower,0.8,0.931,0,0.1701,0.1444
human,seqneut25to26_sera_4017,A/California/63/2025_H1N1,plate16-CACAGCGCTGGCCTTG,0.025,lower,0.05557,0.025,lower,1.65,0.9537,0,0.6333,0.05225
human,seqneut25to26_sera_4017,A/California/63/2025_H1N1,plate16-CGACTCTGTCGGGTAA,0.025,lower,1099,0.025,lower,9.958,0.8269,0,-2.22e-16,0.05664
human,seqneut25to26_sera_4017,A/Galicia/GA-CHUAC-451/2025_H3N2,plate16-TAGCCTATAATCAAGT,0.025,lower,499.1,0.025,lower,9.991,0.9576,0,-1.399e-14,0.04883
human,seqneut25to26_sera_4017,A/Galicia/GA-CHUAC-451/2025_H3N2,plate16-CATGTGGAGGGTCGAG,0.025,lower,956.8,0.025,lower,9.995,0.9046,0,0,0.1025
human,seqneut25to26_sera_4017,A/Sydney/400/2025_H1N1,plate16-TTCTAACGATTGTAGG,0.025,lower,0.03324,0.025,lower,10,0.9599,0,0.1048,0.05369
human,seqneut25to26_sera_4017,A/Sydney/400/2025_H1N1,plate16-CGATTACGCTTTCCGG,0.025,lower,0.7342,0.025,lower,0.8,0.8984,0,0.09401,0.05625
human,seqneut25to26_sera_4017,A/Norway/8976/2025_H3N2,plate16-AAACTCTAACTGAGTT,0.025,lower,1708,0.025,lower,9.999,0.8579,0,1.11e-16,0.1142
human,seqneut25to26_sera_4017,A/Norway/8976/2025_H3N2,plate16-TTTGGCGAGCAGCCCG,0.025,lower,929.4,0.025,lower,9.998,0.8077,0,-2.22e-16,0.129
human,seqneut25to26_sera_4017,A/Belgium/H0097/2025_H3N2,plate16-ATCGATCGAGATAACG,0.025,lower,1201,0.025,lower,9.995,0.7943,0,2.22e-16,0.06804
human,seqneut25to26_sera_4017,A/Belgium/H0097/2025_H3N2,plate16-AAGCAGTTTGCCCCCA,0.025,lower,1157,0.025,lower,9.995,0.839,0,1.11e-16,0.1092
human,seqneut25to26_sera_4017,A/SouthAustralia/2519001037/2025_H1N1,plate16-TATGTCCGCACCGCCG,0.025,lower,1808,0.025,lower,9.999,0.811,0,0,0.06195
human,seqneut25to26_sera_4017,A/SouthAustralia/2519001037/2025_H1N1,plate16-ACGATCGTCGGAGGTC,0.025,lower,6.269,0.025,lower,0.8,0.9627,0,0.007719,0.04271
human,seqneut25to26_sera_4017,A/Alaska/63/2025_H3N2,plate16-AACTCCAATTTGTTTT,0.025,lower,0.09256,0.025,lower,0.8,0.951,0,0.38,0.09948
human,seqneut25to26_sera_4017,A/Alaska/63/2025_H3N2,plate16-CAGGCTGCTGGGCCGC,0.025,lower,0.02781,0.025,lower,10,0.8995,0,0.5265,0.07644
human,seqneut25to26_sera_4017,A/SouthAustralia/2527902708/2025_H3N2,plate16-TGGTAGTCCTTAACCG,0.025,lower,1009,0.025,lower,9.998,0.8741,0,0,0.1081
human,seqneut25to26_sera_4017,A/Bangkok/P2390/2025_H3N2,plate16-AAAGGAAGCCCCTCAC,0.025,lower,0.4591,0.025,lower,0.8,0.8127,0,0.05165,0.1016
human,seqneut25to26_sera_4017,A/Bangkok/P2390/2025_H3N2,plate16-TCCCAAGACAAGCGAC,0.025,lower,0.3704,0.025,lower,1.963,0.7404,0,0.0001837,0.09318
human,seqneut25to26_sera_4017,A/SouthAustralia/2525607496/2025_H3N2,plate16-CAAATATAATGTCCTG,0.025,lower,0.1186,0.025,lower,0.8,0.828,0,0.454,0.06484
human,seqneut25to26_sera_4017,A/SouthAustralia/2525607496/2025_H3N2,plate16-GTTGATTCGATCATAT,0.025,lower,1969,0.025,lower,10,0.7651,0,2.22e-16,0.1382
human,seqneut25to26_sera_4017,A/Alagoas/4130/2025_H3N2,plate16-GAGGACAGCGGTCGTC,0.025,lower,0.03435,0.025,lower,10,0.9613,0,0.1182,0.03677
human,seqneut25to26_sera_4017,A/Alagoas/4130/2025_H3N2,plate16-TAGTACTAACACCAGA,0.025,lower,529.2,0.025,lower,9.768,0.9463,0,-3.331e-15,0.0616
human,seqneut25to26_sera_4017,A/SouthAustralia/2524408801/2025_H3N2,plate16-TCGGTCGGGCGAAGGC,0.025,lower,0.04011,0.025,lower,5.486,0.822,0,0.03807,0.1004
human,seqneut25to26_sera_4017,A/SouthAustralia/2524408801/2025_H3N2,plate16-AGCTCCACATTTGGCC,0.025,lower,955.1,0.025,lower,9.997,0.8787,0,-2.22e-16,0.08719
human,seqneut25to26_sera_4017,A/Darwin/1405/2025_H1N1,plate16-CGTCAATGGGTCATCG,0.025,lower,577.7,0.025,lower,9.968,0.9225,0,-1.11e-15,0.06869
human,seqneut25to26_sera_4017,A/Darwin/1405/2025_H1N1,plate16-TCGCTTTAGCCGGACC,0.025,lower,956.7,0.025,lower,9.995,0.8756,0,-2.22e-16,0.08333
human,seqneut25to26_sera_4017,A/Tasmania/2521815682/2025_H3N2,plate16-ATAAATTCTTTATGGA,0.025,lower,0.03375,0.025,lower,9.993,0.8512,0,0.02893,0.08187
human,seqneut25to26_sera_4017,A/Tasmania/2521815682/2025_H3N2,plate16-GCATACTGGTTACATT,0.025,lower,0.06335,0.025,lower,2.389,0.8137,0,0.0396,0.1342
human,seqneut25to26_sera_4017,A/Lao/820-2750/2025_H3N2,plate16-AGGAAGATCAAAAGCG,0.025,lower,0.5239,0.025,lower,1.231,0.8494,0,0.007215,0.07731
human,seqneut25to26_sera_4017,A/Lao/820-2750/2025_H3N2,plate16-TTGAAACTCTTGTCCT,0.025,lower,0.1183,0.025,lower,0.8,0.903,0,0.1315,0.1479
human,seqneut25to26_sera_4017,A/Colorado/105/2025_H1N1,plate16-CAAATGGGCTGCAGGG,0.025,lower,0.2419,0.025,lower,0.8,0.8602,0,0.1525,0.09374
human,seqneut25to26_sera_4017,A/Ghana/FS-25-7077/2025_H3N2,plate16-CACATACAACACGACC,0.025,lower,1779,0.025,lower,9.999,0.7648,0,-4.441e-16,0.1489
human,seqneut25to26_sera_4017,A/Ghana/FS-25-7077/2025_H3N2,plate16-TTTCGGGGCCCCAATG,0.025,lower,857.7,0.025,lower,9.882,0.8077,0,-2.22e-16,0.1372
human,seqneut25to26_sera_4017,A/DistrictOfColumbia/27/2023_H3N2,plate16-GAATAATAGAACAGAG,0.025,lower,884.5,0.025,lower,9.998,0.8174,0,0,0.1298
human,seqneut25to26_sera_4017,A/DistrictOfColumbia/27/2023_H3N2,plate16-AAGAAGCTATAGAAGT,0.025,lower,2288,0.025,lower,10,0.8334,0,-2.22e-16,0.1273
human,seqneut25to26_sera_4017,A/Indonesia/BIOKES-INAD491/2025_H3N2,plate16-ACGATTTTTTCTACAT,0.025,lower,1157,0.025,lower,9.998,0.8468,0,0,0.1002
human,seqneut25to26_sera_4017,A/Indonesia/BIOKES-INAD491/2025_H3N2,plate16-CGGTAAGTTTCGAGGA,0.025,lower,0.03219,0.025,lower,3.235,0.9851,0,0.9445,0.02526
human,seqneut25to26_sera_4017,A/Darwin/1461/2025_H3N2,plate16-CAGGTACGCGTTTCTG,0.025,lower,1665,0.025,lower,9.997,0.8475,0,2.22e-16,0.1479
human,seqneut25to26_sera_4017,A/Guangdong-Maonan/11438/2025_H3N2,plate16-TTTATTACTCTTATGG,0.025,lower,956.3,0.025,lower,9.998,0.9215,0,1.11e-16,0.08688
human,seqneut25to26_sera_4017,A/Guangdong-Maonan/11438/2025_H3N2,plate16-AAGACGAAGCGTTTGC,0.025,lower,0.06023,0.025,lower,3.063,0.7484,0,0.01627,0.1273
human,seqneut25to26_sera_4017,A/Massachusetts/18/2022_H3N2,plate16-CATTTCTGATGAATTG,0.025,lower,376.6,0.025,lower,9.984,0.9659,0,-3.975e-14,0.08018
human,seqneut25to26_sera_4017,A/Massachusetts/18/2022_H3N2,plate16-TCCACACCCCTAGCTA,0.025,lower,434.7,0.025,lower,9.98,0.9669,0,-3.575e-14,0.0589
human,seqneut25to26_sera_4017,A/Massachusetts/18/2022_H3N2,plate16-CGATCTTTACGAAAAA,0.025,lower,956.5,0.025,lower,9.998,0.9129,0,-4.441e-16,0.1043
human,seqneut25to26_sera_4017,A/Croatia/10136RV/2023-egg_H3N2,plate16-GTCGCCGCTAATCCGA,0.025,lower,52.33,0.025,lower,1.5,1,0,0,4.121e-06
human,seqneut25to26_sera_4017,A/Croatia/10136RV/2023-egg_H3N2,plate16-GAAGTGCTGCTGAAGT,0.025,lower,231.8,0.025,lower,9.864,0.992,0,4.441e-16,0.01962
human,seqneut25to26_sera_4017,A/Thailand/8/2022_H3N2,plate16-CATAAAAGACTGTATA,0.025,lower,956.4,0.025,lower,9.998,0.9252,0,-4.441e-16,0.1177
human,seqneut25to26_sera_4017,A/Thailand/8/2022_H3N2,plate16-CGTACGTATGTCCCAG,0.025,lower,503.7,0.025,lower,9.989,0.9617,0,-4.663e-15,0.09379
human,seqneut25to26_sera_4017,A/Thailand/8/2022_H3N2,plate16-AGACCATCGCACCCAA,0.025,lower,0.4969,0.025,lower,0.8,0.9883,0,0.08446,0.08538
human,seqneut25to26_sera_0040,A/England/1837737/2025_H3N2,plate16-TACACTCAAACGATGC,0.025,lower,4888,0.025,lower,10,0.8049,0,-2.22e-16,0.1442
