barcode,count
CAAATATAATGTCCTG,142645
CGGGTCCTAGGCGAGG,108610
GTACAAACCTGCAAAT,75688
GTATAGAAATGGGTCA,69002
GACTTCTTCCGCTCTT,68275
AGGAAGATCAAAAGCG,64833
CAATTAGAAATACATA,64776
GCTCCTGGTCATATAT,63944
GAACACAATTACTTAG,60232
AACCACCGAGTGACCG,59847
TACCCTGCAAGCCACT,58991
AAAAAATTTATGACAA,58691
CCTTATGAATTACGCG,57744
TTTAGCCGGCTGTAAC,55182
CATGTGGAGGGTCGAG,52296
GTTGATTCGATCATAT,44743
CACATACAACACGACC,44187
TACACTCAAACGATGC,39351
ATAGCCCTAACGAAAG,37225
TAGCCTATAATCAAGT,35668
TTATCTGTAGAGCGCT,35228
TTTATTACTCTTATGG,35157
TTGAAACTCTTGTCCT,34034
GATGACGCGACCTCCT,32361
AAGACGAAGCGTTTGC,30023
CAGGTACGCGTTTCTG,29538
GATTGAGGGGTCCGGG,29271
ACATTTAGCGGACCGT,29207
ATTTCATGAGATAGGG,28663
ATGCGTTTATCGATTT,27815
AACGACAAACAGTAAG,27577
ATCGATCGAGATAACG,26198
CGGTAAGTTTCGAGGA,25949
GAAAGACCGATGCCAG,25685
ATTGGCTGTCGTGGCC,25164
ATAAATTCTTTATGGA,23811
GCTGATAAACAATCTA,23702
GTATTGAATGTCCGGC,23247
TTTCGGGGCCCCAATG,23186
GAACGGAGATCTGTTG,22578
CGAAGATGAGCCCTCG,22244
CATACAGAGTTTGTTG,21978
TGGTAGTCCTTAACCG,21873
TCGGAGAGCGATCCGC,21843
GAGGACAGCGGTCGTC,21634
AACACTCAATACCGGT,20947
TTTGGTGAGGCCCAAT,20807
CGTTGCATGTAGCAGG,20593
AAACTCTAACTGAGTT,19635
TCACACCGCTCAGCCT,19585
ATTACAACCCAGACAA,19239
TAGTACTAACACCAGA,18815
CCTACGCTCGTATCCC,18495
CTGAGTATGGGGCTCA,17823
TCGGTCGGGCGAAGGC,17293
AACTCCCATGGGGCAG,17111
ACGATTTTTTCTACAT,17062
CTTTAAATTATAGTCT,16930
GTATCACGTCGTTTAC,16276
GCCAACTTTCACTTGG,14797
AAATATTGAGACTAAT,14696
GTCCATAGTTTCGTGA,14413
TTTGGCGAGCAGCCCG,13718
TCCCAAGACAAGCGAC,13693
AGAGGCCGGACGTAAA,13620
AGGCGGACTAACTGCA,13350
ACCAGGTGGCAGTACA,13271
AGCTCCACATTTGGCC,12669
TAAAAGCTCCCATTAC,12608
ACGAGAAGCAGGGGGC,12553
TTTGCTACAAGTGAGC,12451
GAATAATAGAACAGAG,12287
AGCAGTCCCGCTAGTC,11947
TATGCTAAGACTTTTT,11713
GCATACTGGTTACATT,11670
TTACCTTAAATCAAAG,11114
GATCGGAATAACCGTA,11087
ATACATCCGACGCTTT,11079
ATCAAGGACCCTGGGC,11038
AATCATACATGCTTCT,10588
AAGAAGCTATAGAAGT,10439
ATCATAGCACTAAAAT,10391
CGTACTAATCACTCCG,10283
TTTTCTGACGATGCAG,10121
CCAGGATCTATCCTTC,10061
GAGATAAAAGAGCTCT,9795
GTGCAATTCCGCGTCC,9772
AAGCAGTTTGCCCCCA,9551
AACTCCAATTTGTTTT,9372
CACACCTCTCTCGCCG,9322
ATTAACCAATTGAGCA,8858
TGAGTGTCCAGGTACT,8801
ATTGCAACGCCGGTGT,8263
TTCGACAAGTATACGT,8199
ATCGCAAGTACCAGTT,8063
AGAAAAGATAGGAAAG,8058
CATCGACAGGTCCCAC,8032
TCCCTTCTTCGCAACT,7734
TGATATCTGGAATCTG,7680
AGGACCTAAATGAAGT,7653
GTACACTCTTTCAATT,7405
CCATACCACGCCCTGT,7293
GCAGCTTGAATGATGT,6886
GAGTGCCCAGGTGTTG,6755
GATGCCCCTTGGCTCT,6723
TAGATAACTCGCTAGG,6198
AAAGGAAGCCCCTCAC,6052
AGAACGGCTTGACACT,5845
ACGTCGCTAGACTTTA,5797
CCTGCATCGGGCTTAA,5731
GCCAGCCGAAAGCCGT,5461
ATCCGTTGGGCGACAA,5335
GAACCTACAAGCAGTC,5235
TATCCGGGTCTGATGC,4801
GAAGGACTTGGGGCTC,4709
CAAATGGGCTGCAGGG,4619
GACGGACTATCAACGA,4588
TAACCGGTCAGATGTT,4244
GCGGCGCCCGGTTGAT,4118
CCTCTGTGTACTAATT,4017
AAGCGACGCGCGACGG,3752
TGTCTGCGCTTAAGTT,3598
CTCGCGGGTATATAGA,3542
TCGCGGATTAAACCAT,3434
ACGGCATCCCAATTGA,3420
CAGGCTGCTGGGCCGC,3330
CACGGCTGGAGCGGCC,3251
AGGAACATGTCCATAC,3091
TGCGATGCATAGTTCG,2911
CGACGCGCCGTCGCTG,2865
GCGTAGTTTGATTCAT,2667
GCCCACGTTTAACTTT,2648
TCTGTAGCTCCCTCAC,2516
GAACTTCCTCACTTAG,2494
GCGGACAGCGGTTATC,2469
TCGATTTCTAAATTCC,2431
AAGTTAAGAGAAAGTT,2352
CGATCTTTACGAAAAA,2229
AAAGCTCTTTTCGTTC,2168
TTTTCGATAATAATCT,2163
CGACTCTGTCGGGTAA,2087
TAGATTTGTCCGTACA,2046
CTTTTCCGTGTCCTCT,1964
AGAGCTAAAAAGAGGA,1936
CATTTCTGATGAATTG,1929
ACCCATTTAGGCTCAT,1927
CGAAATTATGGAATAG,1878
CGTCAATGGGTCATCG,1860
TCGCTTTAGCCGGACC,1765
TCCACACCCCTAGCTA,1742
GTCACAGTCATCGTGT,1671
TATGTCCGCACCGCCG,1596
TCCACACCCTCTCGAT,1595
ATGCCGGGCCGTTACT,1584
CCTAGCCGGAAACATG,1517
TTTCCAGGGCTTCCCG,1498
AAGACCTAGTTTGAAC,1495
TCAGAGAAGGGCGTGG,1480
CGATTACGCTTTCCGG,1419
GAATCTCCCGCGTATA,1387
GTCGCCGCTAATCCGA,1185
CACAGCGCTGGCCTTG,1160
ATATGGTATCTACGGT,1158
ATCTCGGCCGGCCAAT,1139
GTCTTGTCGATTGGTA,1128
ATCTTGTATGATATGT,970
ATGAGCTAAACATGAT,966
CGAACATGGGAACTAA,962
GCAGAAAGAGGTAATA,956
GAAGAAACTATAACCA,906
ACGATCGTCGGAGGTC,904
GCTCAGTCGCCACGTT,896
TACGATACTCGGAAGG,894
CTGCCGCCTGCTGTGT,859
TTCTAACGATTGTAGG,850
TCATCACGTTGGTGCA,844
CCTAGAATTTGGGCGG,837
AAGCGCTTCCCAGCCA,820
GTCAGATCTTGACGCT,819
TGATGCCGTCAGCCTT,754
GTTGACTGCCTTTCTT,733
CGTACGTATGTCCCAG,717
GTCGTCCGTAAGTTCA,710
TGTCGGTGCGCCGCTT,709
ACTTTCCTCCCATGCG,681
CATAAAAGACTGTATA,623
AGGAAAGAAACTGGAG,525
ATGAACAAAGAAATAA,520
CTGAACTTGTCGATAT,515
GATTATTCGTACCCCA,492
TGGAATCGTCACCGAT,467
CCGTGTGTTGTGCGCA,416
CAGAATGTCAGGCATT,396
TACGGTCACTGGCGAC,380
GCGGCCATAGGGCGTA,372
CTTGAACCAGCAGTGT,371
ACATCCGCCCTTCGGT,369
TCTGTGCGAGCATCGG,369
AGACCATCGCACCCAA,359
GCTTGTTAGCCTGAAG,344
GAAGTGCTGCTGAAGT,342
TGTGCGAAGTTGATGT,304
CCGTTAGGGATTCCTC,268
TGTCGGGGTACGGGAC,257
TCGTGCTGTCATGCAG,247
TGCAAGAACCGAGTGG,230
CATAGCGCACAGCGCA,214
ATAGAATCGCAAATTA,209
AAGTAAAGTTCGAAAC,189
TTTACTCGATCCTCGC,184
TCTCGTCTGCATCCTG,177
CAACTGTATTTTCAAG,174
ACGGTGCAGGAGCGGC,160
CTTTGTGACTTCTTTA,137
GCCGACTTCTTCCGTT,134
CTGGTCTAAAAAAGCC,131
CTGCCAGGCCCGCACG,77
TATATTAGTAACATAA,58
AGTCCTATCCTCAAAT,40
AAGCCCGATGGTAACA,29
AGTAAACATGCATTGG,12
AATCCGAAATTTATTC,8
AAAGGAGTAGGATTAA,0
ACCATGTCTAATACAA,0
ACGATAGGAAGCGTTA,0
ACTACGAGCAGATTAC,0
ATAGGCGGGCCGATTT,0
ATGAATCTGTGTTGGG,0
CACAATATGACAGAGT,0
CACAGACGAGACACAC,0
CACTTTCGGGAACACG,0
GAAGGACGCACTGGTT,0
GACCCGGTGCACCGTG,0
GATAGGTCTTATCCGA,0
GATTGTAAGTTCCTCG,0
GCCCTACCTAACTACC,0
GTACCGCCTCGCTCCT,0
GTCCACTCAACTTCCT,0
TAAAGTAGGTAACGTG,0
TAGACTGGATACGTGA,0
TCCGCACTGCGATCAC,0
TCTTCAAGTCGTGTTA,0
TGGACTGGCCATCCTA,0
TGTGCCAGTGGCACCC,0
